n,implementation,repeat,overall_s,computation_s,prime_count,sha256,source
100000000,serial,1,12.948174,12.480866,5761455,fb7e00e2e7eb157e21837f89d0911c01729ebbbd9a18f8608f6e3936b9f953ee,dataset_100000000_130914\serial_run_1.txt
100000000,openmp,1,3.70673,3.207483,5761455,fb7e00e2e7eb157e21837f89d0911c01729ebbbd9a18f8608f6e3936b9f953ee,dataset_100000000_130914\openmp_run_1.txt
100000000,mpi,1,3.975437,3.12417,5761455,fb7e00e2e7eb157e21837f89d0911c01729ebbbd9a18f8608f6e3936b9f953ee,dataset_100000000_130914\mpi_run_1.txt
100000000,hybrid,1,1.653655,0.786899,5761455,fb7e00e2e7eb157e21837f89d0911c01729ebbbd9a18f8608f6e3936b9f953ee,dataset_100000000_130914\hybrid_run_1.txt
100000000,serial,2,12.952632,12.502234,5761455,fb7e00e2e7eb157e21837f89d0911c01729ebbbd9a18f8608f6e3936b9f953ee,dataset_100000000_130914\serial_run_2.txt
100000000,openmp,2,3.772387,3.206639,5761455,fb7e00e2e7eb157e21837f89d0911c01729ebbbd9a18f8608f6e3936b9f953ee,dataset_100000000_130914\openmp_run_2.txt
100000000,mpi,2,4.016292,3.128385,5761455,fb7e00e2e7eb157e21837f89d0911c01729ebbbd9a18f8608f6e3936b9f953ee,dataset_100000000_130914\mpi_run_2.txt
100000000,hybrid,2,1.70642,0.796704,5761455,fb7e00e2e7eb157e21837f89d0911c01729ebbbd9a18f8608f6e3936b9f953ee,dataset_100000000_130914\hybrid_run_2.txt
100000000,serial,3,12.93371,12.493223,5761455,fb7e00e2e7eb157e21837f89d0911c01729ebbbd9a18f8608f6e3936b9f953ee,dataset_100000000_130914\serial_run_3.txt
100000000,openmp,3,3.683023,3.214124,5761455,fb7e00e2e7eb157e21837f89d0911c01729ebbbd9a18f8608f6e3936b9f953ee,dataset_100000000_130914\openmp_run_3.txt
100000000,mpi,3,3.936647,3.143758,5761455,fb7e00e2e7eb157e21837f89d0911c01729ebbbd9a18f8608f6e3936b9f953ee,dataset_100000000_130914\mpi_run_3.txt
100000000,hybrid,3,1.662401,0.808643,5761455,fb7e00e2e7eb157e21837f89d0911c01729ebbbd9a18f8608f6e3936b9f953ee,dataset_100000000_130914\hybrid_run_3.txt
101000000,serial,1,13.107566,12.672005,5815663,77972b85723dc8c63ec186b481406b2910c699db11f415c193aebf405bfdaba3,dataset_101000000_130915\serial_run_1.txt
101000000,openmp,1,3.751351,3.256161,5815663,77972b85723dc8c63ec186b481406b2910c699db11f415c193aebf405bfdaba3,dataset_101000000_130915\openmp_run_1.txt
101000000,mpi,1,4.025397,3.181212,5815663,77972b85723dc8c63ec186b481406b2910c699db11f415c193aebf405bfdaba3,dataset_101000000_130915\mpi_run_1.txt
101000000,hybrid,1,4.146018,0.803671,5815663,77972b85723dc8c63ec186b481406b2910c699db11f415c193aebf405bfdaba3,dataset_101000000_130915\hybrid_run_1.txt
101000000,serial,2,13.141679,12.654929,5815663,77972b85723dc8c63ec186b481406b2910c699db11f415c193aebf405bfdaba3,dataset_101000000_130915\serial_run_2.txt
101000000,openmp,2,3.939465,3.253343,5815663,77972b85723dc8c63ec186b481406b2910c699db11f415c193aebf405bfdaba3,dataset_101000000_130915\openmp_run_2.txt
101000000,mpi,2,4.133045,3.170094,5815663,77972b85723dc8c63ec186b481406b2910c699db11f415c193aebf405bfdaba3,dataset_101000000_130915\mpi_run_2.txt
101000000,hybrid,2,1.81813,0.80765,5815663,77972b85723dc8c63ec186b481406b2910c699db11f415c193aebf405bfdaba3,dataset_101000000_130915\hybrid_run_2.txt
101000000,serial,3,13.131403,12.666805,5815663,77972b85723dc8c63ec186b481406b2910c699db11f415c193aebf405bfdaba3,dataset_101000000_130915\serial_run_3.txt
101000000,openmp,3,3.806815,3.258495,5815663,77972b85723dc8c63ec186b481406b2910c699db11f415c193aebf405bfdaba3,dataset_101000000_130915\openmp_run_3.txt
101000000,mpi,3,4.081739,3.173685,5815663,77972b85723dc8c63ec186b481406b2910c699db11f415c193aebf405bfdaba3,dataset_101000000_130915\mpi_run_3.txt
101000000,hybrid,3,1.681644,0.812014,5815663,77972b85723dc8c63ec186b481406b2910c699db11f415c193aebf405bfdaba3,dataset_101000000_130915\hybrid_run_3.txt
102000000,serial,1,13.352224,12.83913,5869979,62513fcbd4186523b5e3d8461086be58b4b19ca936f2b2f7ac1d35e44c6f57bf,dataset_102000000_130916\serial_run_1.txt
102000000,openmp,1,3.895878,3.30277,5869979,62513fcbd4186523b5e3d8461086be58b4b19ca936f2b2f7ac1d35e44c6f57bf,dataset_102000000_130916\openmp_run_1.txt
102000000,mpi,1,4.122286,3.222241,5869979,62513fcbd4186523b5e3d8461086be58b4b19ca936f2b2f7ac1d35e44c6f57bf,dataset_102000000_130916\mpi_run_1.txt
102000000,hybrid,1,1.6927,0.81457,5869979,62513fcbd4186523b5e3d8461086be58b4b19ca936f2b2f7ac1d35e44c6f57bf,dataset_102000000_130916\hybrid_run_1.txt
102000000,serial,2,13.232089,12.823405,5869979,62513fcbd4186523b5e3d8461086be58b4b19ca936f2b2f7ac1d35e44c6f57bf,dataset_102000000_130916\serial_run_2.txt
102000000,openmp,2,3.772164,3.295746,5869979,62513fcbd4186523b5e3d8461086be58b4b19ca936f2b2f7ac1d35e44c6f57bf,dataset_102000000_130916\openmp_run_2.txt
102000000,mpi,2,4.104829,3.212013,5869979,62513fcbd4186523b5e3d8461086be58b4b19ca936f2b2f7ac1d35e44c6f57bf,dataset_102000000_130916\mpi_run_2.txt
102000000,hybrid,2,1.748318,0.816229,5869979,62513fcbd4186523b5e3d8461086be58b4b19ca936f2b2f7ac1d35e44c6f57bf,dataset_102000000_130916\hybrid_run_2.txt
102000000,serial,3,13.310265,12.826169,5869979,62513fcbd4186523b5e3d8461086be58b4b19ca936f2b2f7ac1d35e44c6f57bf,dataset_102000000_130916\serial_run_3.txt
102000000,openmp,3,3.830583,3.296811,5869979,62513fcbd4186523b5e3d8461086be58b4b19ca936f2b2f7ac1d35e44c6f57bf,dataset_102000000_130916\openmp_run_3.txt
102000000,mpi,3,4.068793,3.209053,5869979,62513fcbd4186523b5e3d8461086be58b4b19ca936f2b2f7ac1d35e44c6f57bf,dataset_102000000_130916\mpi_run_3.txt
102000000,hybrid,3,1.688305,0.81617,5869979,62513fcbd4186523b5e3d8461086be58b4b19ca936f2b2f7ac1d35e44c6f57bf,dataset_102000000_130916\hybrid_run_3.txt
103000000,serial,1,13.540713,13.007357,5924283,10de4711abc7120e0dad4e5e791e19b63b38067431ffa06a2c4dde41cfb2a74c,dataset_103000000_130917\serial_run_1.txt
103000000,openmp,1,3.945996,3.340665,5924283,10de4711abc7120e0dad4e5e791e19b63b38067431ffa06a2c4dde41cfb2a74c,dataset_103000000_130917\openmp_run_1.txt
103000000,mpi,1,4.186033,3.260202,5924283,10de4711abc7120e0dad4e5e791e19b63b38067431ffa06a2c4dde41cfb2a74c,dataset_103000000_130917\mpi_run_1.txt
103000000,hybrid,1,1.817695,0.823826,5924283,10de4711abc7120e0dad4e5e791e19b63b38067431ffa06a2c4dde41cfb2a74c,dataset_103000000_130917\hybrid_run_1.txt
103000000,serial,2,13.511774,13.012725,5924283,10de4711abc7120e0dad4e5e791e19b63b38067431ffa06a2c4dde41cfb2a74c,dataset_103000000_130917\serial_run_2.txt
103000000,openmp,2,3.863931,3.341127,5924283,10de4711abc7120e0dad4e5e791e19b63b38067431ffa06a2c4dde41cfb2a74c,dataset_103000000_130917\openmp_run_2.txt
103000000,mpi,2,4.143571,3.261925,5924283,10de4711abc7120e0dad4e5e791e19b63b38067431ffa06a2c4dde41cfb2a74c,dataset_103000000_130917\mpi_run_2.txt
103000000,hybrid,2,1.791832,0.886466,5924283,10de4711abc7120e0dad4e5e791e19b63b38067431ffa06a2c4dde41cfb2a74c,dataset_103000000_130917\hybrid_run_2.txt
103000000,serial,3,13.517986,13.019506,5924283,10de4711abc7120e0dad4e5e791e19b63b38067431ffa06a2c4dde41cfb2a74c,dataset_103000000_130917\serial_run_3.txt
103000000,openmp,3,3.910144,3.347651,5924283,10de4711abc7120e0dad4e5e791e19b63b38067431ffa06a2c4dde41cfb2a74c,dataset_103000000_130917\openmp_run_3.txt
103000000,mpi,3,4.158318,3.262182,5924283,10de4711abc7120e0dad4e5e791e19b63b38067431ffa06a2c4dde41cfb2a74c,dataset_103000000_130917\mpi_run_3.txt
103000000,hybrid,3,1.802737,0.829819,5924283,10de4711abc7120e0dad4e5e791e19b63b38067431ffa06a2c4dde41cfb2a74c,dataset_103000000_130917\hybrid_run_3.txt
104000000,serial,1,13.727521,13.231771,5978489,55b44eb62952856a98b2053fbb65718891b2d992c7f81ca10e22881020a66818,dataset_104000000_130918\serial_run_1.txt
104000000,openmp,1,3.944943,3.387955,5978489,55b44eb62952856a98b2053fbb65718891b2d992c7f81ca10e22881020a66818,dataset_104000000_130918\openmp_run_1.txt
104000000,mpi,1,4.235352,3.303035,5978489,55b44eb62952856a98b2053fbb65718891b2d992c7f81ca10e22881020a66818,dataset_104000000_130918\mpi_run_1.txt
104000000,hybrid,1,1.789961,0.832516,5978489,55b44eb62952856a98b2053fbb65718891b2d992c7f81ca10e22881020a66818,dataset_104000000_130918\hybrid_run_1.txt
104000000,serial,2,13.694078,13.194294,5978489,55b44eb62952856a98b2053fbb65718891b2d992c7f81ca10e22881020a66818,dataset_104000000_130918\serial_run_2.txt
104000000,openmp,2,3.900598,3.388486,5978489,55b44eb62952856a98b2053fbb65718891b2d992c7f81ca10e22881020a66818,dataset_104000000_130918\openmp_run_2.txt
104000000,mpi,2,4.176763,3.30639,5978489,55b44eb62952856a98b2053fbb65718891b2d992c7f81ca10e22881020a66818,dataset_104000000_130918\mpi_run_2.txt
104000000,hybrid,2,1.812313,0.86298,5978489,55b44eb62952856a98b2053fbb65718891b2d992c7f81ca10e22881020a66818,dataset_104000000_130918\hybrid_run_2.txt
104000000,serial,3,13.716794,13.1845,5978489,55b44eb62952856a98b2053fbb65718891b2d992c7f81ca10e22881020a66818,dataset_104000000_130918\serial_run_3.txt
104000000,openmp,3,4.043282,3.47288,5978489,55b44eb62952856a98b2053fbb65718891b2d992c7f81ca10e22881020a66818,dataset_104000000_130918\openmp_run_3.txt
104000000,mpi,3,4.499636,3.593756,5978489,55b44eb62952856a98b2053fbb65718891b2d992c7f81ca10e22881020a66818,dataset_104000000_130918\mpi_run_3.txt
104000000,hybrid,3,1.965449,0.839603,5978489,55b44eb62952856a98b2053fbb65718891b2d992c7f81ca10e22881020a66818,dataset_104000000_130918\hybrid_run_3.txt
105000000,serial,1,14.40187,13.959146,6032696,f930994a7c8dede85f6340a727e3906c63c2853084a679f98986076294a49a4a,dataset_105000000_130919\serial_run_1.txt
105000000,openmp,1,4.047251,3.428486,6032696,f930994a7c8dede85f6340a727e3906c63c2853084a679f98986076294a49a4a,dataset_105000000_130919\openmp_run_1.txt
105000000,mpi,1,4.31168,3.382492,6032696,f930994a7c8dede85f6340a727e3906c63c2853084a679f98986076294a49a4a,dataset_105000000_130919\mpi_run_1.txt
105000000,hybrid,1,1.975238,0.957197,6032696,f930994a7c8dede85f6340a727e3906c63c2853084a679f98986076294a49a4a,dataset_105000000_130919\hybrid_run_1.txt
105000000,serial,2,14.181539,13.704315,6032696,f930994a7c8dede85f6340a727e3906c63c2853084a679f98986076294a49a4a,dataset_105000000_130919\serial_run_2.txt
105000000,openmp,2,3.937479,3.446223,6032696,f930994a7c8dede85f6340a727e3906c63c2853084a679f98986076294a49a4a,dataset_105000000_130919\openmp_run_2.txt
105000000,mpi,2,4.195923,3.342276,6032696,f930994a7c8dede85f6340a727e3906c63c2853084a679f98986076294a49a4a,dataset_105000000_130919\mpi_run_2.txt
105000000,hybrid,2,1.80753,0.847233,6032696,f930994a7c8dede85f6340a727e3906c63c2853084a679f98986076294a49a4a,dataset_105000000_130919\hybrid_run_2.txt
105000000,serial,3,14.212891,13.684172,6032696,f930994a7c8dede85f6340a727e3906c63c2853084a679f98986076294a49a4a,dataset_105000000_130919\serial_run_3.txt
105000000,openmp,3,3.976767,3.440272,6032696,f930994a7c8dede85f6340a727e3906c63c2853084a679f98986076294a49a4a,dataset_105000000_130919\openmp_run_3.txt
105000000,mpi,3,4.197868,3.349372,6032696,f930994a7c8dede85f6340a727e3906c63c2853084a679f98986076294a49a4a,dataset_105000000_130919\mpi_run_3.txt
105000000,hybrid,3,1.777828,0.841526,6032696,f930994a7c8dede85f6340a727e3906c63c2853084a679f98986076294a49a4a,dataset_105000000_130919\hybrid_run_3.txt
106000000,serial,1,14.056306,13.540677,6086767,b4da3ce019c2c76368a9707bb7540dc665b534f5f47e98860c97d522b5a02e2d,dataset_106000000_130920\serial_run_1.txt
106000000,openmp,1,3.999769,3.475033,6086767,b4da3ce019c2c76368a9707bb7540dc665b534f5f47e98860c97d522b5a02e2d,dataset_106000000_130920\openmp_run_1.txt
106000000,mpi,1,4.338305,3.394305,6086767,b4da3ce019c2c76368a9707bb7540dc665b534f5f47e98860c97d522b5a02e2d,dataset_106000000_130920\mpi_run_1.txt
106000000,hybrid,1,1.820461,0.897341,6086767,b4da3ce019c2c76368a9707bb7540dc665b534f5f47e98860c97d522b5a02e2d,dataset_106000000_130920\hybrid_run_1.txt
106000000,serial,2,14.038396,13.557224,6086767,b4da3ce019c2c76368a9707bb7540dc665b534f5f47e98860c97d522b5a02e2d,dataset_106000000_130920\serial_run_2.txt
106000000,openmp,2,4.063112,3.538988,6086767,b4da3ce019c2c76368a9707bb7540dc665b534f5f47e98860c97d522b5a02e2d,dataset_106000000_130920\openmp_run_2.txt
106000000,mpi,2,4.274347,3.387693,6086767,b4da3ce019c2c76368a9707bb7540dc665b534f5f47e98860c97d522b5a02e2d,dataset_106000000_130920\mpi_run_2.txt
106000000,hybrid,2,1.807328,0.880921,6086767,b4da3ce019c2c76368a9707bb7540dc665b534f5f47e98860c97d522b5a02e2d,dataset_106000000_130920\hybrid_run_2.txt
106000000,serial,3,14.007083,13.529043,6086767,b4da3ce019c2c76368a9707bb7540dc665b534f5f47e98860c97d522b5a02e2d,dataset_106000000_130920\serial_run_3.txt
106000000,openmp,3,4.050393,3.480465,6086767,b4da3ce019c2c76368a9707bb7540dc665b534f5f47e98860c97d522b5a02e2d,dataset_106000000_130920\openmp_run_3.txt
106000000,mpi,3,4.345967,3.389013,6086767,b4da3ce019c2c76368a9707bb7540dc665b534f5f47e98860c97d522b5a02e2d,dataset_106000000_130920\mpi_run_3.txt
106000000,hybrid,3,1.819618,0.853243,6086767,b4da3ce019c2c76368a9707bb7540dc665b534f5f47e98860c97d522b5a02e2d,dataset_106000000_130920\hybrid_run_3.txt
107000000,serial,1,14.14967,13.704996,6140828,f90e777a23b86770063b5533343d4898ddb67a33cd58f8745ab1de2e84b4a417,dataset_107000000_130921\serial_run_1.txt
107000000,openmp,1,4.051062,3.530278,6140828,f90e777a23b86770063b5533343d4898ddb67a33cd58f8745ab1de2e84b4a417,dataset_107000000_130921\openmp_run_1.txt
107000000,mpi,1,4.31673,3.440029,6140828,f90e777a23b86770063b5533343d4898ddb67a33cd58f8745ab1de2e84b4a417,dataset_107000000_130921\mpi_run_1.txt
107000000,hybrid,1,1.949457,0.970407,6140828,f90e777a23b86770063b5533343d4898ddb67a33cd58f8745ab1de2e84b4a417,dataset_107000000_130921\hybrid_run_1.txt
107000000,serial,2,14.208026,13.708771,6140828,f90e777a23b86770063b5533343d4898ddb67a33cd58f8745ab1de2e84b4a417,dataset_107000000_130921\serial_run_2.txt
107000000,openmp,2,4.071577,3.527957,6140828,f90e777a23b86770063b5533343d4898ddb67a33cd58f8745ab1de2e84b4a417,dataset_107000000_130921\openmp_run_2.txt
107000000,mpi,2,4.331478,3.438757,6140828,f90e777a23b86770063b5533343d4898ddb67a33cd58f8745ab1de2e84b4a417,dataset_107000000_130921\mpi_run_2.txt
107000000,hybrid,2,1.891595,0.902897,6140828,f90e777a23b86770063b5533343d4898ddb67a33cd58f8745ab1de2e84b4a417,dataset_107000000_130921\hybrid_run_2.txt
107000000,serial,3,14.267344,13.709506,6140828,f90e777a23b86770063b5533343d4898ddb67a33cd58f8745ab1de2e84b4a417,dataset_107000000_130921\serial_run_3.txt
107000000,openmp,3,4.047334,3.532576,6140828,f90e777a23b86770063b5533343d4898ddb67a33cd58f8745ab1de2e84b4a417,dataset_107000000_130921\openmp_run_3.txt
107000000,mpi,3,4.347048,3.43834,6140828,f90e777a23b86770063b5533343d4898ddb67a33cd58f8745ab1de2e84b4a417,dataset_107000000_130921\mpi_run_3.txt
107000000,hybrid,3,1.984375,0.994998,6140828,f90e777a23b86770063b5533343d4898ddb67a33cd58f8745ab1de2e84b4a417,dataset_107000000_130921\hybrid_run_3.txt
108000000,serial,1,14.35051,13.884578,6194963,a8546726b5261487d26cf2ecb8df64a50bc1be062a08b2a1c2d57fe0cf1157e5,dataset_108000000_130922\serial_run_1.txt
108000000,openmp,1,4.167087,3.571012,6194963,a8546726b5261487d26cf2ecb8df64a50bc1be062a08b2a1c2d57fe0cf1157e5,dataset_108000000_130922\openmp_run_1.txt
108000000,mpi,1,4.409875,3.474362,6194963,a8546726b5261487d26cf2ecb8df64a50bc1be062a08b2a1c2d57fe0cf1157e5,dataset_108000000_130922\mpi_run_1.txt
108000000,hybrid,1,1.860743,0.876286,6194963,a8546726b5261487d26cf2ecb8df64a50bc1be062a08b2a1c2d57fe0cf1157e5,dataset_108000000_130922\hybrid_run_1.txt
108000000,serial,2,14.421355,13.876985,6194963,a8546726b5261487d26cf2ecb8df64a50bc1be062a08b2a1c2d57fe0cf1157e5,dataset_108000000_130922\serial_run_2.txt
108000000,openmp,2,4.105727,3.571187,6194963,a8546726b5261487d26cf2ecb8df64a50bc1be062a08b2a1c2d57fe0cf1157e5,dataset_108000000_130922\openmp_run_2.txt
108000000,mpi,2,4.413854,3.476988,6194963,a8546726b5261487d26cf2ecb8df64a50bc1be062a08b2a1c2d57fe0cf1157e5,dataset_108000000_130922\mpi_run_2.txt
108000000,hybrid,2,1.906171,0.968225,6194963,a8546726b5261487d26cf2ecb8df64a50bc1be062a08b2a1c2d57fe0cf1157e5,dataset_108000000_130922\hybrid_run_2.txt
108000000,serial,3,14.438197,13.922189,6194963,a8546726b5261487d26cf2ecb8df64a50bc1be062a08b2a1c2d57fe0cf1157e5,dataset_108000000_130922\serial_run_3.txt
108000000,openmp,3,4.281521,3.679875,6194963,a8546726b5261487d26cf2ecb8df64a50bc1be062a08b2a1c2d57fe0cf1157e5,dataset_108000000_130922\openmp_run_3.txt
108000000,mpi,3,4.415276,3.493034,6194963,a8546726b5261487d26cf2ecb8df64a50bc1be062a08b2a1c2d57fe0cf1157e5,dataset_108000000_130922\mpi_run_3.txt
108000000,hybrid,3,2.078873,0.878371,6194963,a8546726b5261487d26cf2ecb8df64a50bc1be062a08b2a1c2d57fe0cf1157e5,dataset_108000000_130922\hybrid_run_3.txt
109000000,serial,1,14.721455,14.153201,6249178,30fc391e550d4c024583bf9aa8cba9fe91aa7c65d44b4727bf7e43a4aef8c39e,dataset_109000000_130923\serial_run_1.txt
109000000,openmp,1,4.207271,3.673039,6249178,30fc391e550d4c024583bf9aa8cba9fe91aa7c65d44b4727bf7e43a4aef8c39e,dataset_109000000_130923\openmp_run_1.txt
109000000,mpi,1,4.606198,3.598317,6249178,30fc391e550d4c024583bf9aa8cba9fe91aa7c65d44b4727bf7e43a4aef8c39e,dataset_109000000_130923\mpi_run_1.txt
109000000,hybrid,1,2.021749,0.922311,6249178,30fc391e550d4c024583bf9aa8cba9fe91aa7c65d44b4727bf7e43a4aef8c39e,dataset_109000000_130923\hybrid_run_1.txt
109000000,serial,2,14.880509,14.372117,6249178,30fc391e550d4c024583bf9aa8cba9fe91aa7c65d44b4727bf7e43a4aef8c39e,dataset_109000000_130923\serial_run_2.txt
109000000,openmp,2,4.305274,3.730019,6249178,30fc391e550d4c024583bf9aa8cba9fe91aa7c65d44b4727bf7e43a4aef8c39e,dataset_109000000_130923\openmp_run_2.txt
109000000,mpi,2,4.530049,3.632607,6249178,30fc391e550d4c024583bf9aa8cba9fe91aa7c65d44b4727bf7e43a4aef8c39e,dataset_109000000_130923\mpi_run_2.txt
109000000,hybrid,2,1.840993,0.896095,6249178,30fc391e550d4c024583bf9aa8cba9fe91aa7c65d44b4727bf7e43a4aef8c39e,dataset_109000000_130923\hybrid_run_2.txt
109000000,serial,3,15.087141,14.550983,6249178,30fc391e550d4c024583bf9aa8cba9fe91aa7c65d44b4727bf7e43a4aef8c39e,dataset_109000000_130923\serial_run_3.txt
109000000,openmp,3,4.31365,3.76222,6249178,30fc391e550d4c024583bf9aa8cba9fe91aa7c65d44b4727bf7e43a4aef8c39e,dataset_109000000_130923\openmp_run_3.txt
109000000,mpi,3,4.668433,3.694423,6249178,30fc391e550d4c024583bf9aa8cba9fe91aa7c65d44b4727bf7e43a4aef8c39e,dataset_109000000_130923\mpi_run_3.txt
109000000,hybrid,3,2.040176,0.891322,6249178,30fc391e550d4c024583bf9aa8cba9fe91aa7c65d44b4727bf7e43a4aef8c39e,dataset_109000000_130923\hybrid_run_3.txt
110000000,serial,1,14.958374,14.396792,6303309,bda7ced75925c95d828036efd0cf3512bb605e6138941b534a53823d5436df62,dataset_110000000_130924\serial_run_1.txt
110000000,openmp,1,4.204728,3.688334,6303309,bda7ced75925c95d828036efd0cf3512bb605e6138941b534a53823d5436df62,dataset_110000000_130924\openmp_run_1.txt
110000000,mpi,1,4.475318,3.5603,6303309,bda7ced75925c95d828036efd0cf3512bb605e6138941b534a53823d5436df62,dataset_110000000_130924\mpi_run_1.txt
110000000,hybrid,1,1.872182,0.89686,6303309,bda7ced75925c95d828036efd0cf3512bb605e6138941b534a53823d5436df62,dataset_110000000_130924\hybrid_run_1.txt
110000000,serial,2,14.96086,14.447195,6303309,bda7ced75925c95d828036efd0cf3512bb605e6138941b534a53823d5436df62,dataset_110000000_130924\serial_run_2.txt
110000000,openmp,2,4.278197,3.729952,6303309,bda7ced75925c95d828036efd0cf3512bb605e6138941b534a53823d5436df62,dataset_110000000_130924\openmp_run_2.txt
110000000,mpi,2,4.571947,3.599296,6303309,bda7ced75925c95d828036efd0cf3512bb605e6138941b534a53823d5436df62,dataset_110000000_130924\mpi_run_2.txt
110000000,hybrid,2,2.001192,0.998093,6303309,bda7ced75925c95d828036efd0cf3512bb605e6138941b534a53823d5436df62,dataset_110000000_130924\hybrid_run_2.txt
110000000,serial,3,14.780767,14.301327,6303309,bda7ced75925c95d828036efd0cf3512bb605e6138941b534a53823d5436df62,dataset_110000000_130924\serial_run_3.txt
110000000,openmp,3,4.152372,3.641512,6303309,bda7ced75925c95d828036efd0cf3512bb605e6138941b534a53823d5436df62,dataset_110000000_130924\openmp_run_3.txt
110000000,mpi,3,4.618859,3.69218,6303309,bda7ced75925c95d828036efd0cf3512bb605e6138941b534a53823d5436df62,dataset_110000000_130924\mpi_run_3.txt
110000000,hybrid,3,1.978784,0.900099,6303309,bda7ced75925c95d828036efd0cf3512bb605e6138941b534a53823d5436df62,dataset_110000000_130924\hybrid_run_3.txt
111000000,serial,1,15.013715,14.523914,6357241,67e47b0bf8af03d674f47cf2d6162f992a09122b7db292cf30fad90fd82e1b7f,dataset_111000000_130925\serial_run_1.txt
111000000,openmp,1,4.231259,3.699903,6357241,67e47b0bf8af03d674f47cf2d6162f992a09122b7db292cf30fad90fd82e1b7f,dataset_111000000_130925\openmp_run_1.txt
111000000,mpi,1,4.485715,3.602872,6357241,67e47b0bf8af03d674f47cf2d6162f992a09122b7db292cf30fad90fd82e1b7f,dataset_111000000_130925\mpi_run_1.txt
111000000,hybrid,1,1.865086,0.944615,6357241,67e47b0bf8af03d674f47cf2d6162f992a09122b7db292cf30fad90fd82e1b7f,dataset_111000000_130925\hybrid_run_1.txt
111000000,serial,2,14.869746,14.399044,6357241,67e47b0bf8af03d674f47cf2d6162f992a09122b7db292cf30fad90fd82e1b7f,dataset_111000000_130925\serial_run_2.txt
111000000,openmp,2,4.177205,3.702336,6357241,67e47b0bf8af03d674f47cf2d6162f992a09122b7db292cf30fad90fd82e1b7f,dataset_111000000_130925\openmp_run_2.txt
111000000,mpi,2,4.614272,3.61314,6357241,67e47b0bf8af03d674f47cf2d6162f992a09122b7db292cf30fad90fd82e1b7f,dataset_111000000_130925\mpi_run_2.txt
111000000,hybrid,2,1.94679,0.911187,6357241,67e47b0bf8af03d674f47cf2d6162f992a09122b7db292cf30fad90fd82e1b7f,dataset_111000000_130925\hybrid_run_2.txt
111000000,serial,3,14.891854,14.390238,6357241,67e47b0bf8af03d674f47cf2d6162f992a09122b7db292cf30fad90fd82e1b7f,dataset_111000000_130925\serial_run_3.txt
111000000,openmp,3,4.204952,3.706353,6357241,67e47b0bf8af03d674f47cf2d6162f992a09122b7db292cf30fad90fd82e1b7f,dataset_111000000_130925\openmp_run_3.txt
111000000,mpi,3,4.495595,3.609545,6357241,67e47b0bf8af03d674f47cf2d6162f992a09122b7db292cf30fad90fd82e1b7f,dataset_111000000_130925\mpi_run_3.txt
111000000,hybrid,3,1.883375,0.910632,6357241,67e47b0bf8af03d674f47cf2d6162f992a09122b7db292cf30fad90fd82e1b7f,dataset_111000000_130925\hybrid_run_3.txt
112000000,serial,1,15.008383,14.566613,6411057,d88388c936d0f7ec9d5896c60768ee5fc18f820a6555ada5b5dc8338f294a0d3,dataset_112000000_130926\serial_run_1.txt
112000000,openmp,1,4.222287,3.750555,6411057,d88388c936d0f7ec9d5896c60768ee5fc18f820a6555ada5b5dc8338f294a0d3,dataset_112000000_130926\openmp_run_1.txt
112000000,mpi,1,4.67309,3.649517,6411057,d88388c936d0f7ec9d5896c60768ee5fc18f820a6555ada5b5dc8338f294a0d3,dataset_112000000_130926\mpi_run_1.txt
112000000,hybrid,1,1.927112,0.93035,6411057,d88388c936d0f7ec9d5896c60768ee5fc18f820a6555ada5b5dc8338f294a0d3,dataset_112000000_130926\hybrid_run_1.txt
112000000,serial,2,15.050657,14.573574,6411057,d88388c936d0f7ec9d5896c60768ee5fc18f820a6555ada5b5dc8338f294a0d3,dataset_112000000_130926\serial_run_2.txt
112000000,openmp,2,4.301484,3.750772,6411057,d88388c936d0f7ec9d5896c60768ee5fc18f820a6555ada5b5dc8338f294a0d3,dataset_112000000_130926\openmp_run_2.txt
112000000,mpi,2,4.658408,3.647012,6411057,d88388c936d0f7ec9d5896c60768ee5fc18f820a6555ada5b5dc8338f294a0d3,dataset_112000000_130926\mpi_run_2.txt
112000000,hybrid,2,1.992374,0.922258,6411057,d88388c936d0f7ec9d5896c60768ee5fc18f820a6555ada5b5dc8338f294a0d3,dataset_112000000_130926\hybrid_run_2.txt
112000000,serial,3,15.093488,14.572158,6411057,d88388c936d0f7ec9d5896c60768ee5fc18f820a6555ada5b5dc8338f294a0d3,dataset_112000000_130926\serial_run_3.txt
112000000,openmp,3,4.249565,3.744385,6411057,d88388c936d0f7ec9d5896c60768ee5fc18f820a6555ada5b5dc8338f294a0d3,dataset_112000000_130926\openmp_run_3.txt
112000000,mpi,3,4.548309,3.649413,6411057,d88388c936d0f7ec9d5896c60768ee5fc18f820a6555ada5b5dc8338f294a0d3,dataset_112000000_130926\mpi_run_3.txt
112000000,hybrid,3,2.081427,1.037458,6411057,d88388c936d0f7ec9d5896c60768ee5fc18f820a6555ada5b5dc8338f294a0d3,dataset_112000000_130926\hybrid_run_3.txt
113000000,serial,1,15.241252,14.750167,6465061,95f8b694b6ffedd8c4fa1695ace1455b045855e0746c0e9f209ebbf84f3d78d3,dataset_113000000_130927\serial_run_1.txt
113000000,openmp,1,4.302901,3.789936,6465061,95f8b694b6ffedd8c4fa1695ace1455b045855e0746c0e9f209ebbf84f3d78d3,dataset_113000000_130927\openmp_run_1.txt
113000000,mpi,1,4.675442,3.703813,6465061,95f8b694b6ffedd8c4fa1695ace1455b045855e0746c0e9f209ebbf84f3d78d3,dataset_113000000_130927\mpi_run_1.txt
113000000,hybrid,1,1.942292,0.953106,6465061,95f8b694b6ffedd8c4fa1695ace1455b045855e0746c0e9f209ebbf84f3d78d3,dataset_113000000_130927\hybrid_run_1.txt
113000000,serial,2,16.053168,15.490052,6465061,95f8b694b6ffedd8c4fa1695ace1455b045855e0746c0e9f209ebbf84f3d78d3,dataset_113000000_130927\serial_run_2.txt
113000000,openmp,2,4.464289,3.790146,6465061,95f8b694b6ffedd8c4fa1695ace1455b045855e0746c0e9f209ebbf84f3d78d3,dataset_113000000_130927\openmp_run_2.txt
113000000,mpi,2,4.648179,3.692662,6465061,95f8b694b6ffedd8c4fa1695ace1455b045855e0746c0e9f209ebbf84f3d78d3,dataset_113000000_130927\mpi_run_2.txt
113000000,hybrid,2,2.070807,1.044093,6465061,95f8b694b6ffedd8c4fa1695ace1455b045855e0746c0e9f209ebbf84f3d78d3,dataset_113000000_130927\hybrid_run_2.txt
113000000,serial,3,15.326284,14.757813,6465061,95f8b694b6ffedd8c4fa1695ace1455b045855e0746c0e9f209ebbf84f3d78d3,dataset_113000000_130927\serial_run_3.txt
113000000,openmp,3,4.291536,3.787867,6465061,95f8b694b6ffedd8c4fa1695ace1455b045855e0746c0e9f209ebbf84f3d78d3,dataset_113000000_130927\openmp_run_3.txt
113000000,mpi,3,4.724045,3.734171,6465061,95f8b694b6ffedd8c4fa1695ace1455b045855e0746c0e9f209ebbf84f3d78d3,dataset_113000000_130927\mpi_run_3.txt
113000000,hybrid,3,1.99863,0.934282,6465061,95f8b694b6ffedd8c4fa1695ace1455b045855e0746c0e9f209ebbf84f3d78d3,dataset_113000000_130927\hybrid_run_3.txt
114000000,serial,1,15.842236,15.317576,6518853,54ad17cdb7c039b01d72f74693f08d2683e638e95812665248815875218ee325,dataset_114000000_130928\serial_run_1.txt
114000000,openmp,1,4.358504,3.830327,6518853,54ad17cdb7c039b01d72f74693f08d2683e638e95812665248815875218ee325,dataset_114000000_130928\openmp_run_1.txt
114000000,mpi,1,4.688716,3.747076,6518853,54ad17cdb7c039b01d72f74693f08d2683e638e95812665248815875218ee325,dataset_114000000_130928\mpi_run_1.txt
114000000,hybrid,1,2.123652,1.063003,6518853,54ad17cdb7c039b01d72f74693f08d2683e638e95812665248815875218ee325,dataset_114000000_130928\hybrid_run_1.txt
114000000,serial,2,15.48463,14.932755,6518853,54ad17cdb7c039b01d72f74693f08d2683e638e95812665248815875218ee325,dataset_114000000_130928\serial_run_2.txt
114000000,openmp,2,4.412146,3.836249,6518853,54ad17cdb7c039b01d72f74693f08d2683e638e95812665248815875218ee325,dataset_114000000_130928\openmp_run_2.txt
114000000,mpi,2,4.811749,3.75773,6518853,54ad17cdb7c039b01d72f74693f08d2683e638e95812665248815875218ee325,dataset_114000000_130928\mpi_run_2.txt
114000000,hybrid,2,2.084396,0.979338,6518853,54ad17cdb7c039b01d72f74693f08d2683e638e95812665248815875218ee325,dataset_114000000_130928\hybrid_run_2.txt
114000000,serial,3,15.531657,14.947284,6518853,54ad17cdb7c039b01d72f74693f08d2683e638e95812665248815875218ee325,dataset_114000000_130928\serial_run_3.txt
114000000,openmp,3,4.423843,3.84526,6518853,54ad17cdb7c039b01d72f74693f08d2683e638e95812665248815875218ee325,dataset_114000000_130928\openmp_run_3.txt
114000000,mpi,3,4.749036,3.742369,6518853,54ad17cdb7c039b01d72f74693f08d2683e638e95812665248815875218ee325,dataset_114000000_130928\mpi_run_3.txt
114000000,hybrid,3,2.018636,1.017705,6518853,54ad17cdb7c039b01d72f74693f08d2683e638e95812665248815875218ee325,dataset_114000000_130928\hybrid_run_3.txt
115000000,serial,1,15.629263,15.115405,6572650,48b1e552983da98fd7716e17ee421dfd40653cb9bd1efae094761dc23df374bb,dataset_115000000_130929\serial_run_1.txt
115000000,openmp,1,4.423985,3.87975,6572650,48b1e552983da98fd7716e17ee421dfd40653cb9bd1efae094761dc23df374bb,dataset_115000000_130929\openmp_run_1.txt
115000000,mpi,1,4.750198,3.782161,6572650,48b1e552983da98fd7716e17ee421dfd40653cb9bd1efae094761dc23df374bb,dataset_115000000_130929\mpi_run_1.txt
115000000,hybrid,1,1.958122,0.959664,6572650,48b1e552983da98fd7716e17ee421dfd40653cb9bd1efae094761dc23df374bb,dataset_115000000_130929\hybrid_run_1.txt
115000000,serial,2,15.617398,15.105743,6572650,48b1e552983da98fd7716e17ee421dfd40653cb9bd1efae094761dc23df374bb,dataset_115000000_130929\serial_run_2.txt
115000000,openmp,2,4.381186,3.879377,6572650,48b1e552983da98fd7716e17ee421dfd40653cb9bd1efae094761dc23df374bb,dataset_115000000_130929\openmp_run_2.txt
115000000,mpi,2,4.686948,3.791843,6572650,48b1e552983da98fd7716e17ee421dfd40653cb9bd1efae094761dc23df374bb,dataset_115000000_130929\mpi_run_2.txt
115000000,hybrid,2,1.925132,0.977324,6572650,48b1e552983da98fd7716e17ee421dfd40653cb9bd1efae094761dc23df374bb,dataset_115000000_130929\hybrid_run_2.txt
115000000,serial,3,15.782261,15.327659,6572650,48b1e552983da98fd7716e17ee421dfd40653cb9bd1efae094761dc23df374bb,dataset_115000000_130929\serial_run_3.txt
115000000,openmp,3,4.387064,3.877655,6572650,48b1e552983da98fd7716e17ee421dfd40653cb9bd1efae094761dc23df374bb,dataset_115000000_130929\openmp_run_3.txt
115000000,mpi,3,4.991368,3.89153,6572650,48b1e552983da98fd7716e17ee421dfd40653cb9bd1efae094761dc23df374bb,dataset_115000000_130929\mpi_run_3.txt
115000000,hybrid,3,2.282471,1.0488,6572650,48b1e552983da98fd7716e17ee421dfd40653cb9bd1efae094761dc23df374bb,dataset_115000000_130929\hybrid_run_3.txt
116000000,serial,1,15.893392,15.407036,6626563,f619dff628d0e68eff65924968f39ca3c77c187ed1c4fdcd86896cdd815715d1,dataset_116000000_130930\serial_run_1.txt
116000000,openmp,1,4.469658,3.924945,6626563,f619dff628d0e68eff65924968f39ca3c77c187ed1c4fdcd86896cdd815715d1,dataset_116000000_130930\openmp_run_1.txt
116000000,mpi,1,4.736803,3.832334,6626563,f619dff628d0e68eff65924968f39ca3c77c187ed1c4fdcd86896cdd815715d1,dataset_116000000_130930\mpi_run_1.txt
116000000,hybrid,1,1.955982,0.988535,6626563,f619dff628d0e68eff65924968f39ca3c77c187ed1c4fdcd86896cdd815715d1,dataset_116000000_130930\hybrid_run_1.txt
116000000,serial,2,15.903524,15.275015,6626563,f619dff628d0e68eff65924968f39ca3c77c187ed1c4fdcd86896cdd815715d1,dataset_116000000_130930\serial_run_2.txt
116000000,openmp,2,4.428128,3.919449,6626563,f619dff628d0e68eff65924968f39ca3c77c187ed1c4fdcd86896cdd815715d1,dataset_116000000_130930\openmp_run_2.txt
116000000,mpi,2,4.916135,4.006082,6626563,f619dff628d0e68eff65924968f39ca3c77c187ed1c4fdcd86896cdd815715d1,dataset_116000000_130930\mpi_run_2.txt
116000000,hybrid,2,1.977047,1.011843,6626563,f619dff628d0e68eff65924968f39ca3c77c187ed1c4fdcd86896cdd815715d1,dataset_116000000_130930\hybrid_run_2.txt
116000000,serial,3,15.809475,15.351248,6626563,f619dff628d0e68eff65924968f39ca3c77c187ed1c4fdcd86896cdd815715d1,dataset_116000000_130930\serial_run_3.txt
116000000,openmp,3,4.428081,3.926001,6626563,f619dff628d0e68eff65924968f39ca3c77c187ed1c4fdcd86896cdd815715d1,dataset_116000000_130930\openmp_run_3.txt
116000000,mpi,3,4.736802,3.826874,6626563,f619dff628d0e68eff65924968f39ca3c77c187ed1c4fdcd86896cdd815715d1,dataset_116000000_130930\mpi_run_3.txt
116000000,hybrid,3,1.966989,0.967099,6626563,f619dff628d0e68eff65924968f39ca3c77c187ed1c4fdcd86896cdd815715d1,dataset_116000000_130930\hybrid_run_3.txt
117000000,serial,1,15.937899,15.480725,6680446,3cf65032ab02f1dfb8a43c8b85373503e103374f64836db174f36ddb13aafdd4,dataset_117000000_130931\serial_run_1.txt
117000000,openmp,1,4.504077,3.976295,6680446,3cf65032ab02f1dfb8a43c8b85373503e103374f64836db174f36ddb13aafdd4,dataset_117000000_130931\openmp_run_1.txt
117000000,mpi,1,4.816079,3.888895,6680446,3cf65032ab02f1dfb8a43c8b85373503e103374f64836db174f36ddb13aafdd4,dataset_117000000_130931\mpi_run_1.txt
117000000,hybrid,1,2.044207,1.03416,6680446,3cf65032ab02f1dfb8a43c8b85373503e103374f64836db174f36ddb13aafdd4,dataset_117000000_130931\hybrid_run_1.txt
117000000,serial,2,15.942586,15.46453,6680446,3cf65032ab02f1dfb8a43c8b85373503e103374f64836db174f36ddb13aafdd4,dataset_117000000_130931\serial_run_2.txt
117000000,openmp,2,4.470057,3.972036,6680446,3cf65032ab02f1dfb8a43c8b85373503e103374f64836db174f36ddb13aafdd4,dataset_117000000_130931\openmp_run_2.txt
117000000,mpi,2,4.952715,3.975404,6680446,3cf65032ab02f1dfb8a43c8b85373503e103374f64836db174f36ddb13aafdd4,dataset_117000000_130931\mpi_run_2.txt
117000000,hybrid,2,2.100999,0.994443,6680446,3cf65032ab02f1dfb8a43c8b85373503e103374f64836db174f36ddb13aafdd4,dataset_117000000_130931\hybrid_run_2.txt
117000000,serial,3,16.147058,15.660359,6680446,3cf65032ab02f1dfb8a43c8b85373503e103374f64836db174f36ddb13aafdd4,dataset_117000000_130931\serial_run_3.txt
117000000,openmp,3,4.498095,3.9711,6680446,3cf65032ab02f1dfb8a43c8b85373503e103374f64836db174f36ddb13aafdd4,dataset_117000000_130931\openmp_run_3.txt
117000000,mpi,3,4.867986,3.875796,6680446,3cf65032ab02f1dfb8a43c8b85373503e103374f64836db174f36ddb13aafdd4,dataset_117000000_130931\mpi_run_3.txt
117000000,hybrid,3,2.114634,1.070121,6680446,3cf65032ab02f1dfb8a43c8b85373503e103374f64836db174f36ddb13aafdd4,dataset_117000000_130931\hybrid_run_3.txt
118000000,serial,1,17.170285,16.267607,6734218,9d76d01596dbae02e563d00ec8f4b6e5824f7d431bbf15f0de22e126e3310c74,dataset_118000000_130932\serial_run_1.txt
118000000,openmp,1,5.060928,4.012978,6734218,9d76d01596dbae02e563d00ec8f4b6e5824f7d431bbf15f0de22e126e3310c74,dataset_118000000_130932\openmp_run_1.txt
118000000,mpi,1,4.911652,3.922079,6734218,9d76d01596dbae02e563d00ec8f4b6e5824f7d431bbf15f0de22e126e3310c74,dataset_118000000_130932\mpi_run_1.txt
118000000,hybrid,1,2.222544,1.134247,6734218,9d76d01596dbae02e563d00ec8f4b6e5824f7d431bbf15f0de22e126e3310c74,dataset_118000000_130932\hybrid_run_1.txt
118000000,serial,2,16.117872,15.635956,6734218,9d76d01596dbae02e563d00ec8f4b6e5824f7d431bbf15f0de22e126e3310c74,dataset_118000000_130932\serial_run_2.txt
118000000,openmp,2,4.619843,4.022366,6734218,9d76d01596dbae02e563d00ec8f4b6e5824f7d431bbf15f0de22e126e3310c74,dataset_118000000_130932\openmp_run_2.txt
118000000,mpi,2,4.912013,3.920865,6734218,9d76d01596dbae02e563d00ec8f4b6e5824f7d431bbf15f0de22e126e3310c74,dataset_118000000_130932\mpi_run_2.txt
118000000,hybrid,2,2.026515,0.985775,6734218,9d76d01596dbae02e563d00ec8f4b6e5824f7d431bbf15f0de22e126e3310c74,dataset_118000000_130932\hybrid_run_2.txt
118000000,serial,3,16.177588,15.658919,6734218,9d76d01596dbae02e563d00ec8f4b6e5824f7d431bbf15f0de22e126e3310c74,dataset_118000000_130932\serial_run_3.txt
118000000,openmp,3,4.530673,4.006628,6734218,9d76d01596dbae02e563d00ec8f4b6e5824f7d431bbf15f0de22e126e3310c74,dataset_118000000_130932\openmp_run_3.txt
118000000,mpi,3,4.944334,3.93,6734218,9d76d01596dbae02e563d00ec8f4b6e5824f7d431bbf15f0de22e126e3310c74,dataset_118000000_130932\mpi_run_3.txt
118000000,hybrid,3,2.408001,1.377376,6734218,9d76d01596dbae02e563d00ec8f4b6e5824f7d431bbf15f0de22e126e3310c74,dataset_118000000_130932\hybrid_run_3.txt
119000000,serial,1,16.800076,16.219925,6787896,109448c84a84211904fe7b7c8f438684d59bc652a84bdf50becb2c4f9e625ccb,dataset_119000000_130933\serial_run_1.txt
119000000,openmp,1,4.769388,4.234019,6787896,109448c84a84211904fe7b7c8f438684d59bc652a84bdf50becb2c4f9e625ccb,dataset_119000000_130933\openmp_run_1.txt
119000000,mpi,1,4.943018,3.966949,6787896,109448c84a84211904fe7b7c8f438684d59bc652a84bdf50becb2c4f9e625ccb,dataset_119000000_130933\mpi_run_1.txt
119000000,hybrid,1,2.216176,1.209339,6787896,109448c84a84211904fe7b7c8f438684d59bc652a84bdf50becb2c4f9e625ccb,dataset_119000000_130933\hybrid_run_1.txt
119000000,serial,2,16.748049,16.27414,6787896,109448c84a84211904fe7b7c8f438684d59bc652a84bdf50becb2c4f9e625ccb,dataset_119000000_130933\serial_run_2.txt
119000000,openmp,2,4.659623,4.153322,6787896,109448c84a84211904fe7b7c8f438684d59bc652a84bdf50becb2c4f9e625ccb,dataset_119000000_130933\openmp_run_2.txt
119000000,mpi,2,5.032415,3.96041,6787896,109448c84a84211904fe7b7c8f438684d59bc652a84bdf50becb2c4f9e625ccb,dataset_119000000_130933\mpi_run_2.txt
119000000,hybrid,2,2.410674,1.274844,6787896,109448c84a84211904fe7b7c8f438684d59bc652a84bdf50becb2c4f9e625ccb,dataset_119000000_130933\hybrid_run_2.txt
119000000,serial,3,16.365089,15.824959,6787896,109448c84a84211904fe7b7c8f438684d59bc652a84bdf50becb2c4f9e625ccb,dataset_119000000_130933\serial_run_3.txt
119000000,openmp,3,4.690542,4.06215,6787896,109448c84a84211904fe7b7c8f438684d59bc652a84bdf50becb2c4f9e625ccb,dataset_119000000_130933\openmp_run_3.txt
119000000,mpi,3,4.990464,3.967093,6787896,109448c84a84211904fe7b7c8f438684d59bc652a84bdf50becb2c4f9e625ccb,dataset_119000000_130933\mpi_run_3.txt
119000000,hybrid,3,2.278485,1.185827,6787896,109448c84a84211904fe7b7c8f438684d59bc652a84bdf50becb2c4f9e625ccb,dataset_119000000_130933\hybrid_run_3.txt
120000000,serial,1,16.644498,16.023437,6841648,c80d4f89c26a4796c370349fb1cce67fc1880f2564220be45083ecca191beea6,dataset_120000000_130934\serial_run_1.txt
120000000,openmp,1,4.809868,4.130315,6841648,c80d4f89c26a4796c370349fb1cce67fc1880f2564220be45083ecca191beea6,dataset_120000000_130934\openmp_run_1.txt
120000000,mpi,1,5.05833,4.006371,6841648,c80d4f89c26a4796c370349fb1cce67fc1880f2564220be45083ecca191beea6,dataset_120000000_130934\mpi_run_1.txt
120000000,hybrid,1,2.475052,1.257384,6841648,c80d4f89c26a4796c370349fb1cce67fc1880f2564220be45083ecca191beea6,dataset_120000000_130934\hybrid_run_1.txt
120000000,serial,2,16.588917,16.016057,6841648,c80d4f89c26a4796c370349fb1cce67fc1880f2564220be45083ecca191beea6,dataset_120000000_130934\serial_run_2.txt
120000000,openmp,2,4.798198,4.128165,6841648,c80d4f89c26a4796c370349fb1cce67fc1880f2564220be45083ecca191beea6,dataset_120000000_130934\openmp_run_2.txt
120000000,mpi,2,4.987931,4.007456,6841648,c80d4f89c26a4796c370349fb1cce67fc1880f2564220be45083ecca191beea6,dataset_120000000_130934\mpi_run_2.txt
120000000,hybrid,2,2.112924,1.023947,6841648,c80d4f89c26a4796c370349fb1cce67fc1880f2564220be45083ecca191beea6,dataset_120000000_130934\hybrid_run_2.txt
120000000,serial,3,16.560646,16.007757,6841648,c80d4f89c26a4796c370349fb1cce67fc1880f2564220be45083ecca191beea6,dataset_120000000_130934\serial_run_3.txt
120000000,openmp,3,4.727613,4.159903,6841648,c80d4f89c26a4796c370349fb1cce67fc1880f2564220be45083ecca191beea6,dataset_120000000_130934\openmp_run_3.txt
120000000,mpi,3,5.070681,4.010707,6841648,c80d4f89c26a4796c370349fb1cce67fc1880f2564220be45083ecca191beea6,dataset_120000000_130934\mpi_run_3.txt
120000000,hybrid,3,2.141495,1.015766,6841648,c80d4f89c26a4796c370349fb1cce67fc1880f2564220be45083ecca191beea6,dataset_120000000_130934\hybrid_run_3.txt
121000000,serial,1,17.095038,16.493706,6895267,c96dbb66f0dfb8378a5bc7202cfdab0657d27754b785010d288f4eca02aa9038,dataset_121000000_130935\serial_run_1.txt
121000000,openmp,1,5.20097,4.480655,6895267,c96dbb66f0dfb8378a5bc7202cfdab0657d27754b785010d288f4eca02aa9038,dataset_121000000_130935\openmp_run_1.txt
121000000,mpi,1,5.606567,4.542532,6895267,c96dbb66f0dfb8378a5bc7202cfdab0657d27754b785010d288f4eca02aa9038,dataset_121000000_130935\mpi_run_1.txt
121000000,hybrid,1,2.073789,1.02039,6895267,c96dbb66f0dfb8378a5bc7202cfdab0657d27754b785010d288f4eca02aa9038,dataset_121000000_130935\hybrid_run_1.txt
121000000,serial,2,17.136983,16.613457,6895267,c96dbb66f0dfb8378a5bc7202cfdab0657d27754b785010d288f4eca02aa9038,dataset_121000000_130935\serial_run_2.txt
121000000,openmp,2,4.705769,4.158059,6895267,c96dbb66f0dfb8378a5bc7202cfdab0657d27754b785010d288f4eca02aa9038,dataset_121000000_130935\openmp_run_2.txt
121000000,mpi,2,5.179809,4.244444,6895267,c96dbb66f0dfb8378a5bc7202cfdab0657d27754b785010d288f4eca02aa9038,dataset_121000000_130935\mpi_run_2.txt
121000000,hybrid,2,2.726992,1.021859,6895267,c96dbb66f0dfb8378a5bc7202cfdab0657d27754b785010d288f4eca02aa9038,dataset_121000000_130935\hybrid_run_2.txt
121000000,serial,3,17.070694,16.30892,6895267,c96dbb66f0dfb8378a5bc7202cfdab0657d27754b785010d288f4eca02aa9038,dataset_121000000_130935\serial_run_3.txt
121000000,openmp,3,4.95832,4.373251,6895267,c96dbb66f0dfb8378a5bc7202cfdab0657d27754b785010d288f4eca02aa9038,dataset_121000000_130935\openmp_run_3.txt
121000000,mpi,3,6.095889,5.119302,6895267,c96dbb66f0dfb8378a5bc7202cfdab0657d27754b785010d288f4eca02aa9038,dataset_121000000_130935\mpi_run_3.txt
121000000,hybrid,3,2.419108,1.208018,6895267,c96dbb66f0dfb8378a5bc7202cfdab0657d27754b785010d288f4eca02aa9038,dataset_121000000_130935\hybrid_run_3.txt
122000000,serial,1,16.983739,16.412191,6949036,5a97e3a5374207b87bf0ae1b1e7a94d52b61d6e0026af47cf09e44cf0d715c3d,dataset_122000000_130936\serial_run_1.txt
122000000,openmp,1,4.762096,4.194962,6949036,5a97e3a5374207b87bf0ae1b1e7a94d52b61d6e0026af47cf09e44cf0d715c3d,dataset_122000000_130936\openmp_run_1.txt
122000000,mpi,1,5.094415,4.095619,6949036,5a97e3a5374207b87bf0ae1b1e7a94d52b61d6e0026af47cf09e44cf0d715c3d,dataset_122000000_130936\mpi_run_1.txt
122000000,hybrid,1,2.116077,1.04136,6949036,5a97e3a5374207b87bf0ae1b1e7a94d52b61d6e0026af47cf09e44cf0d715c3d,dataset_122000000_130936\hybrid_run_1.txt
122000000,serial,2,16.921446,16.356382,6949036,5a97e3a5374207b87bf0ae1b1e7a94d52b61d6e0026af47cf09e44cf0d715c3d,dataset_122000000_130936\serial_run_2.txt
122000000,openmp,2,4.894206,4.224576,6949036,5a97e3a5374207b87bf0ae1b1e7a94d52b61d6e0026af47cf09e44cf0d715c3d,dataset_122000000_130936\openmp_run_2.txt
122000000,mpi,2,5.236778,4.11743,6949036,5a97e3a5374207b87bf0ae1b1e7a94d52b61d6e0026af47cf09e44cf0d715c3d,dataset_122000000_130936\mpi_run_2.txt
122000000,hybrid,2,2.204785,1.061548,6949036,5a97e3a5374207b87bf0ae1b1e7a94d52b61d6e0026af47cf09e44cf0d715c3d,dataset_122000000_130936\hybrid_run_2.txt
122000000,serial,3,16.929569,16.357497,6949036,5a97e3a5374207b87bf0ae1b1e7a94d52b61d6e0026af47cf09e44cf0d715c3d,dataset_122000000_130936\serial_run_3.txt
122000000,openmp,3,4.761198,4.221606,6949036,5a97e3a5374207b87bf0ae1b1e7a94d52b61d6e0026af47cf09e44cf0d715c3d,dataset_122000000_130936\openmp_run_3.txt
122000000,mpi,3,5.068342,4.095794,6949036,5a97e3a5374207b87bf0ae1b1e7a94d52b61d6e0026af47cf09e44cf0d715c3d,dataset_122000000_130936\mpi_run_3.txt
122000000,hybrid,3,2.116478,1.04053,6949036,5a97e3a5374207b87bf0ae1b1e7a94d52b61d6e0026af47cf09e44cf0d715c3d,dataset_122000000_130936\hybrid_run_3.txt
123000000,serial,1,17.057699,16.579479,7002672,97cd2a3c328885fa8e221053afedbee8062d1c3da1f76684a915f693b3962957,dataset_123000000_130937\serial_run_1.txt
123000000,openmp,1,4.893897,4.347723,7002672,97cd2a3c328885fa8e221053afedbee8062d1c3da1f76684a915f693b3962957,dataset_123000000_130937\openmp_run_1.txt
123000000,mpi,1,5.122894,4.175634,7002672,97cd2a3c328885fa8e221053afedbee8062d1c3da1f76684a915f693b3962957,dataset_123000000_130937\mpi_run_1.txt
123000000,hybrid,1,2.093543,1.063682,7002672,97cd2a3c328885fa8e221053afedbee8062d1c3da1f76684a915f693b3962957,dataset_123000000_130937\hybrid_run_1.txt
123000000,serial,2,17.004606,16.547745,7002672,97cd2a3c328885fa8e221053afedbee8062d1c3da1f76684a915f693b3962957,dataset_123000000_130937\serial_run_2.txt
123000000,openmp,2,4.795674,4.288716,7002672,97cd2a3c328885fa8e221053afedbee8062d1c3da1f76684a915f693b3962957,dataset_123000000_130937\openmp_run_2.txt
123000000,mpi,2,5.110598,4.143322,7002672,97cd2a3c328885fa8e221053afedbee8062d1c3da1f76684a915f693b3962957,dataset_123000000_130937\mpi_run_2.txt
123000000,hybrid,2,2.065054,1.056342,7002672,97cd2a3c328885fa8e221053afedbee8062d1c3da1f76684a915f693b3962957,dataset_123000000_130937\hybrid_run_2.txt
123000000,serial,3,17.089525,16.618492,7002672,97cd2a3c328885fa8e221053afedbee8062d1c3da1f76684a915f693b3962957,dataset_123000000_130937\serial_run_3.txt
123000000,openmp,3,4.798478,4.30533,7002672,97cd2a3c328885fa8e221053afedbee8062d1c3da1f76684a915f693b3962957,dataset_123000000_130937\openmp_run_3.txt
123000000,mpi,3,5.088079,4.155889,7002672,97cd2a3c328885fa8e221053afedbee8062d1c3da1f76684a915f693b3962957,dataset_123000000_130937\mpi_run_3.txt
123000000,hybrid,3,2.085408,1.057847,7002672,97cd2a3c328885fa8e221053afedbee8062d1c3da1f76684a915f693b3962957,dataset_123000000_130937\hybrid_run_3.txt
124000000,serial,1,17.256454,16.722558,7056480,8c5cea01e2b9fd575d7a5c1dbf8b74719fa8a8d77c715958706758d91b88476f,dataset_124000000_130938\serial_run_1.txt
124000000,openmp,1,4.893952,4.316745,7056480,8c5cea01e2b9fd575d7a5c1dbf8b74719fa8a8d77c715958706758d91b88476f,dataset_124000000_130938\openmp_run_1.txt
124000000,mpi,1,5.326939,4.247246,7056480,8c5cea01e2b9fd575d7a5c1dbf8b74719fa8a8d77c715958706758d91b88476f,dataset_124000000_130938\mpi_run_1.txt
124000000,hybrid,1,2.624748,1.343769,7056480,8c5cea01e2b9fd575d7a5c1dbf8b74719fa8a8d77c715958706758d91b88476f,dataset_124000000_130938\hybrid_run_1.txt
124000000,serial,2,18.460462,17.832631,7056480,8c5cea01e2b9fd575d7a5c1dbf8b74719fa8a8d77c715958706758d91b88476f,dataset_124000000_130938\serial_run_2.txt
124000000,openmp,2,5.127129,4.534959,7056480,8c5cea01e2b9fd575d7a5c1dbf8b74719fa8a8d77c715958706758d91b88476f,dataset_124000000_130938\openmp_run_2.txt
124000000,mpi,2,5.484875,4.403701,7056480,8c5cea01e2b9fd575d7a5c1dbf8b74719fa8a8d77c715958706758d91b88476f,dataset_124000000_130938\mpi_run_2.txt
124000000,hybrid,2,2.971533,1.608505,7056480,8c5cea01e2b9fd575d7a5c1dbf8b74719fa8a8d77c715958706758d91b88476f,dataset_124000000_130938\hybrid_run_2.txt
124000000,serial,3,19.446232,18.825292,7056480,8c5cea01e2b9fd575d7a5c1dbf8b74719fa8a8d77c715958706758d91b88476f,dataset_124000000_130938\serial_run_3.txt
124000000,openmp,3,4.952596,4.342996,7056480,8c5cea01e2b9fd575d7a5c1dbf8b74719fa8a8d77c715958706758d91b88476f,dataset_124000000_130938\openmp_run_3.txt
124000000,mpi,3,5.443785,4.269308,7056480,8c5cea01e2b9fd575d7a5c1dbf8b74719fa8a8d77c715958706758d91b88476f,dataset_124000000_130938\mpi_run_3.txt
124000000,hybrid,3,2.775661,1.519653,7056480,8c5cea01e2b9fd575d7a5c1dbf8b74719fa8a8d77c715958706758d91b88476f,dataset_124000000_130938\hybrid_run_3.txt
125000000,serial,1,17.464809,16.90903,7110142,8b21c6b82f04d0c7db58ee8a1d6d574297ebde4053142bad2779a40490b3d388,dataset_125000000_130939\serial_run_1.txt
125000000,openmp,1,4.932963,4.359533,7110142,8b21c6b82f04d0c7db58ee8a1d6d574297ebde4053142bad2779a40490b3d388,dataset_125000000_130939\openmp_run_1.txt
125000000,mpi,1,5.259015,4.23681,7110142,8b21c6b82f04d0c7db58ee8a1d6d574297ebde4053142bad2779a40490b3d388,dataset_125000000_130939\mpi_run_1.txt
125000000,hybrid,1,2.180866,1.074499,7110142,8b21c6b82f04d0c7db58ee8a1d6d574297ebde4053142bad2779a40490b3d388,dataset_125000000_130939\hybrid_run_1.txt
125000000,serial,2,17.543139,16.903544,7110142,8b21c6b82f04d0c7db58ee8a1d6d574297ebde4053142bad2779a40490b3d388,dataset_125000000_130939\serial_run_2.txt
125000000,openmp,2,4.904577,4.338241,7110142,8b21c6b82f04d0c7db58ee8a1d6d574297ebde4053142bad2779a40490b3d388,dataset_125000000_130939\openmp_run_2.txt
125000000,mpi,2,5.303467,4.236394,7110142,8b21c6b82f04d0c7db58ee8a1d6d574297ebde4053142bad2779a40490b3d388,dataset_125000000_130939\mpi_run_2.txt
125000000,hybrid,2,2.184412,1.077194,7110142,8b21c6b82f04d0c7db58ee8a1d6d574297ebde4053142bad2779a40490b3d388,dataset_125000000_130939\hybrid_run_2.txt
125000000,serial,3,17.51841,16.918557,7110142,8b21c6b82f04d0c7db58ee8a1d6d574297ebde4053142bad2779a40490b3d388,dataset_125000000_130939\serial_run_3.txt
125000000,openmp,3,4.980932,4.351501,7110142,8b21c6b82f04d0c7db58ee8a1d6d574297ebde4053142bad2779a40490b3d388,dataset_125000000_130939\openmp_run_3.txt
125000000,mpi,3,5.312184,4.239135,7110142,8b21c6b82f04d0c7db58ee8a1d6d574297ebde4053142bad2779a40490b3d388,dataset_125000000_130939\mpi_run_3.txt
125000000,hybrid,3,2.286387,1.078992,7110142,8b21c6b82f04d0c7db58ee8a1d6d574297ebde4053142bad2779a40490b3d388,dataset_125000000_130939\hybrid_run_3.txt
126000000,serial,1,17.764023,17.129186,7163814,2fdfa4d0e152280e41dd3c9114b1799659e9b17434da61f49260a342fbaac93c,dataset_126000000_130940\serial_run_1.txt
126000000,openmp,1,5.027362,4.402947,7163814,2fdfa4d0e152280e41dd3c9114b1799659e9b17434da61f49260a342fbaac93c,dataset_126000000_130940\openmp_run_1.txt
126000000,mpi,1,5.372975,4.282329,7163814,2fdfa4d0e152280e41dd3c9114b1799659e9b17434da61f49260a342fbaac93c,dataset_126000000_130940\mpi_run_1.txt
126000000,hybrid,1,2.201393,1.094009,7163814,2fdfa4d0e152280e41dd3c9114b1799659e9b17434da61f49260a342fbaac93c,dataset_126000000_130940\hybrid_run_1.txt
126000000,serial,2,17.730339,17.095118,7163814,2fdfa4d0e152280e41dd3c9114b1799659e9b17434da61f49260a342fbaac93c,dataset_126000000_130940\serial_run_2.txt
126000000,openmp,2,5.138815,4.40902,7163814,2fdfa4d0e152280e41dd3c9114b1799659e9b17434da61f49260a342fbaac93c,dataset_126000000_130940\openmp_run_2.txt
126000000,mpi,2,5.44563,4.297102,7163814,2fdfa4d0e152280e41dd3c9114b1799659e9b17434da61f49260a342fbaac93c,dataset_126000000_130940\mpi_run_2.txt
126000000,hybrid,2,2.259773,1.085606,7163814,2fdfa4d0e152280e41dd3c9114b1799659e9b17434da61f49260a342fbaac93c,dataset_126000000_130940\hybrid_run_2.txt
126000000,serial,3,17.686223,17.109008,7163814,2fdfa4d0e152280e41dd3c9114b1799659e9b17434da61f49260a342fbaac93c,dataset_126000000_130940\serial_run_3.txt
126000000,openmp,3,5.0962,4.407477,7163814,2fdfa4d0e152280e41dd3c9114b1799659e9b17434da61f49260a342fbaac93c,dataset_126000000_130940\openmp_run_3.txt
126000000,mpi,3,5.36757,4.299026,7163814,2fdfa4d0e152280e41dd3c9114b1799659e9b17434da61f49260a342fbaac93c,dataset_126000000_130940\mpi_run_3.txt
126000000,hybrid,3,2.308911,1.212714,7163814,2fdfa4d0e152280e41dd3c9114b1799659e9b17434da61f49260a342fbaac93c,dataset_126000000_130940\hybrid_run_3.txt
127000000,serial,1,17.882161,17.260472,7217427,b36a955be6e3176f068079107e3c9d9915e5b5dd1cc912793b75c650d8547bde,dataset_127000000_130941\serial_run_1.txt
127000000,openmp,1,5.067462,4.428298,7217427,b36a955be6e3176f068079107e3c9d9915e5b5dd1cc912793b75c650d8547bde,dataset_127000000_130941\openmp_run_1.txt
127000000,mpi,1,5.395886,4.320693,7217427,b36a955be6e3176f068079107e3c9d9915e5b5dd1cc912793b75c650d8547bde,dataset_127000000_130941\mpi_run_1.txt
127000000,hybrid,1,2.567645,1.460065,7217427,b36a955be6e3176f068079107e3c9d9915e5b5dd1cc912793b75c650d8547bde,dataset_127000000_130941\hybrid_run_1.txt
127000000,serial,2,17.909023,17.298185,7217427,b36a955be6e3176f068079107e3c9d9915e5b5dd1cc912793b75c650d8547bde,dataset_127000000_130941\serial_run_2.txt
127000000,openmp,2,5.080062,4.43752,7217427,b36a955be6e3176f068079107e3c9d9915e5b5dd1cc912793b75c650d8547bde,dataset_127000000_130941\openmp_run_2.txt
127000000,mpi,2,5.410476,4.32351,7217427,b36a955be6e3176f068079107e3c9d9915e5b5dd1cc912793b75c650d8547bde,dataset_127000000_130941\mpi_run_2.txt
127000000,hybrid,2,2.349193,1.196113,7217427,b36a955be6e3176f068079107e3c9d9915e5b5dd1cc912793b75c650d8547bde,dataset_127000000_130941\hybrid_run_2.txt
127000000,serial,3,17.870732,17.264729,7217427,b36a955be6e3176f068079107e3c9d9915e5b5dd1cc912793b75c650d8547bde,dataset_127000000_130941\serial_run_3.txt
127000000,openmp,3,5.025916,4.427816,7217427,b36a955be6e3176f068079107e3c9d9915e5b5dd1cc912793b75c650d8547bde,dataset_127000000_130941\openmp_run_3.txt
127000000,mpi,3,5.32409,4.328623,7217427,b36a955be6e3176f068079107e3c9d9915e5b5dd1cc912793b75c650d8547bde,dataset_127000000_130941\mpi_run_3.txt
127000000,hybrid,3,2.345509,1.224308,7217427,b36a955be6e3176f068079107e3c9d9915e5b5dd1cc912793b75c650d8547bde,dataset_127000000_130941\hybrid_run_3.txt
128000000,serial,1,18.13977,17.478989,7271035,8df0c0109984a6cc2afb193496bd45574a8702b5276631e7b802d30ada4952ad,dataset_128000000_130942\serial_run_1.txt
128000000,openmp,1,5.150784,4.483464,7271035,8df0c0109984a6cc2afb193496bd45574a8702b5276631e7b802d30ada4952ad,dataset_128000000_130942\openmp_run_1.txt
128000000,mpi,1,5.82462,4.616434,7271035,8df0c0109984a6cc2afb193496bd45574a8702b5276631e7b802d30ada4952ad,dataset_128000000_130942\mpi_run_1.txt
128000000,hybrid,1,2.79091,1.49112,7271035,8df0c0109984a6cc2afb193496bd45574a8702b5276631e7b802d30ada4952ad,dataset_128000000_130942\hybrid_run_1.txt
128000000,serial,2,18.476524,17.796353,7271035,8df0c0109984a6cc2afb193496bd45574a8702b5276631e7b802d30ada4952ad,dataset_128000000_130942\serial_run_2.txt
128000000,openmp,2,5.873467,5.182884,7271035,8df0c0109984a6cc2afb193496bd45574a8702b5276631e7b802d30ada4952ad,dataset_128000000_130942\openmp_run_2.txt
128000000,mpi,2,5.655758,4.568823,7271035,8df0c0109984a6cc2afb193496bd45574a8702b5276631e7b802d30ada4952ad,dataset_128000000_130942\mpi_run_2.txt
128000000,hybrid,2,2.433555,1.230058,7271035,8df0c0109984a6cc2afb193496bd45574a8702b5276631e7b802d30ada4952ad,dataset_128000000_130942\hybrid_run_2.txt
128000000,serial,3,18.149325,17.452023,7271035,8df0c0109984a6cc2afb193496bd45574a8702b5276631e7b802d30ada4952ad,dataset_128000000_130942\serial_run_3.txt
128000000,openmp,3,5.239288,4.61351,7271035,8df0c0109984a6cc2afb193496bd45574a8702b5276631e7b802d30ada4952ad,dataset_128000000_130942\openmp_run_3.txt
128000000,mpi,3,5.71065,4.666577,7271035,8df0c0109984a6cc2afb193496bd45574a8702b5276631e7b802d30ada4952ad,dataset_128000000_130942\mpi_run_3.txt
128000000,hybrid,3,2.500805,1.307783,7271035,8df0c0109984a6cc2afb193496bd45574a8702b5276631e7b802d30ada4952ad,dataset_128000000_130942\hybrid_run_3.txt
129000000,serial,1,18.281232,17.642733,7324733,16c34b62f8065db7c1511e858df9c9b9d795129d770b6981fa4b92b32e680554,dataset_129000000_130943\serial_run_1.txt
129000000,openmp,1,5.151516,4.547794,7324733,16c34b62f8065db7c1511e858df9c9b9d795129d770b6981fa4b92b32e680554,dataset_129000000_130943\openmp_run_1.txt
129000000,mpi,1,5.898165,4.804897,7324733,16c34b62f8065db7c1511e858df9c9b9d795129d770b6981fa4b92b32e680554,dataset_129000000_130943\mpi_run_1.txt
129000000,hybrid,1,2.401394,1.176665,7324733,16c34b62f8065db7c1511e858df9c9b9d795129d770b6981fa4b92b32e680554,dataset_129000000_130943\hybrid_run_1.txt
129000000,serial,2,18.50733,17.83742,7324733,16c34b62f8065db7c1511e858df9c9b9d795129d770b6981fa4b92b32e680554,dataset_129000000_130943\serial_run_2.txt
129000000,openmp,2,5.440965,4.79423,7324733,16c34b62f8065db7c1511e858df9c9b9d795129d770b6981fa4b92b32e680554,dataset_129000000_130943\openmp_run_2.txt
129000000,mpi,2,5.548189,4.413545,7324733,16c34b62f8065db7c1511e858df9c9b9d795129d770b6981fa4b92b32e680554,dataset_129000000_130943\mpi_run_2.txt
129000000,hybrid,2,2.288515,1.119771,7324733,16c34b62f8065db7c1511e858df9c9b9d795129d770b6981fa4b92b32e680554,dataset_129000000_130943\hybrid_run_2.txt
129000000,serial,3,18.371746,17.637726,7324733,16c34b62f8065db7c1511e858df9c9b9d795129d770b6981fa4b92b32e680554,dataset_129000000_130943\serial_run_3.txt
129000000,openmp,3,5.170964,4.523243,7324733,16c34b62f8065db7c1511e858df9c9b9d795129d770b6981fa4b92b32e680554,dataset_129000000_130943\openmp_run_3.txt
129000000,mpi,3,5.547733,4.415216,7324733,16c34b62f8065db7c1511e858df9c9b9d795129d770b6981fa4b92b32e680554,dataset_129000000_130943\mpi_run_3.txt
129000000,hybrid,3,2.276837,1.115923,7324733,16c34b62f8065db7c1511e858df9c9b9d795129d770b6981fa4b92b32e680554,dataset_129000000_130943\hybrid_run_3.txt
