n,implementation,source,overall,compute,communication,count,ranks
100000000,mpi,finish_theory_100000000_134613\mpi_n100000000_run_1.txt,13.246533,12.56487,0.010673,5761455,[12.56487]
100000000,mpi,finish_theory_100000000_134613\mpi_n100000000_run_2.txt,13.261254,12.574101,0.009022,5761455,[12.574101]
100000000,mpi,finish_theory_100000000_134613\mpi_n100000000_run_3.txt,13.205963,12.523597,0.009888,5761455,[12.523597]
100000000,hybrid,finish_theory_100000000_134613\hybrid_n100000000_run_1.txt,13.353619,12.582363,0.008822,5761455,[12.582363]
100000000,hybrid,finish_theory_100000000_134613\hybrid_n100000000_run_2.txt,13.298533,12.523201,0.007989,5761455,[12.523201]
100000000,hybrid,finish_theory_100000000_134613\hybrid_n100000000_run_3.txt,13.291964,12.527363,0.008169,5761455,[12.527363]
101000000,mpi,finish_theory_100000000_134613\mpi_n101000000_run_1.txt,13.394335,12.696521,0.010931,5815663,[12.696521]
101000000,mpi,finish_theory_100000000_134613\mpi_n101000000_run_2.txt,13.434333,12.724404,0.008509,5815663,[12.724404]
101000000,mpi,finish_theory_100000000_134613\mpi_n101000000_run_3.txt,13.421276,12.741569,0.004291,5815663,[12.741569]
101000000,hybrid,finish_theory_100000000_134613\hybrid_n101000000_run_1.txt,13.606565,12.750002,0.004689,5815663,[12.750002]
101000000,hybrid,finish_theory_100000000_134613\hybrid_n101000000_run_2.txt,13.521643,12.750962,0.004461,5815663,[12.750962]
101000000,hybrid,finish_theory_100000000_134613\hybrid_n101000000_run_3.txt,13.491305,12.714791,0.007074,5815663,[12.714791]
102000000,mpi,finish_theory_100000000_134613\mpi_n102000000_run_1.txt,13.560193,12.844108,0.007596,5869979,[12.844108]
102000000,mpi,finish_theory_100000000_134613\mpi_n102000000_run_2.txt,13.580728,12.870693,0.009146,5869979,[12.870693]
102000000,mpi,finish_theory_100000000_134613\mpi_n102000000_run_3.txt,13.565794,12.866544,0.010095,5869979,[12.866544]
102000000,hybrid,finish_theory_100000000_134613\hybrid_n102000000_run_1.txt,13.653674,12.8685,0.004705,5869979,[12.8685]
102000000,hybrid,finish_theory_100000000_134613\hybrid_n102000000_run_2.txt,13.676084,12.878368,0.004094,5869979,[12.878368]
102000000,hybrid,finish_theory_100000000_134613\hybrid_n102000000_run_3.txt,13.678238,12.887265,0.004129,5869979,[12.887265]
103000000,mpi,finish_theory_103000000_134614\mpi_n103000000_run_1.txt,13.781771,13.083966,0.008434,5924283,[13.083966]
103000000,mpi,finish_theory_103000000_134614\mpi_n103000000_run_2.txt,13.909113,13.098592,0.009973,5924283,[13.098592]
103000000,mpi,finish_theory_103000000_134614\mpi_n103000000_run_3.txt,13.733455,13.026695,0.010128,5924283,[13.026695]
103000000,hybrid,finish_theory_103000000_134614\hybrid_n103000000_run_1.txt,13.973576,13.133554,0.004613,5924283,[13.133554]
103000000,hybrid,finish_theory_103000000_134614\hybrid_n103000000_run_2.txt,13.890087,13.110066,0.004881,5924283,[13.110066]
103000000,hybrid,finish_theory_103000000_134614\hybrid_n103000000_run_3.txt,13.831212,13.043311,0.006696,5924283,[13.043311]
104000000,mpi,finish_theory_103000000_134614\mpi_n104000000_run_1.txt,13.901217,13.198866,0.009038,5978489,[13.198866]
104000000,mpi,finish_theory_103000000_134614\mpi_n104000000_run_2.txt,13.926752,13.205394,0.009168,5978489,[13.205394]
104000000,mpi,finish_theory_103000000_134614\mpi_n104000000_run_3.txt,13.948652,13.204379,0.010737,5978489,[13.204379]
104000000,hybrid,finish_theory_103000000_134614\hybrid_n104000000_run_1.txt,14.005289,13.201418,0.007886,5978489,[13.201418]
104000000,hybrid,finish_theory_103000000_134614\hybrid_n104000000_run_2.txt,14.047835,13.213931,0.003836,5978489,[13.213931]
104000000,hybrid,finish_theory_103000000_134614\hybrid_n104000000_run_3.txt,14.021329,13.180889,0.007153,5978489,[13.180889]
105000000,mpi,finish_theory_103000000_134614\mpi_n105000000_run_1.txt,14.125731,13.367007,0.009794,6032696,[13.367007]
105000000,mpi,finish_theory_103000000_134614\mpi_n105000000_run_2.txt,14.123343,13.346499,0.009642,6032696,[13.346499]
105000000,mpi,finish_theory_103000000_134614\mpi_n105000000_run_3.txt,14.079339,13.348729,0.009872,6032696,[13.348729]
105000000,hybrid,finish_theory_103000000_134614\hybrid_n105000000_run_1.txt,14.207002,13.362357,0.007217,6032696,[13.362357]
105000000,hybrid,finish_theory_103000000_134614\hybrid_n105000000_run_2.txt,14.172645,13.363045,0.008683,6032696,[13.363045]
105000000,hybrid,finish_theory_103000000_134614\hybrid_n105000000_run_3.txt,14.218446,13.374683,0.00892,6032696,[13.374683]
106000000,mpi,finish_theory_106000000_134615\mpi_n106000000_run_1.txt,14.394652,13.574257,0.010487,6086767,[13.574257]
106000000,mpi,finish_theory_106000000_134615\mpi_n106000000_run_2.txt,14.457765,13.579927,0.008788,6086767,[13.579927]
106000000,mpi,finish_theory_106000000_134615\mpi_n106000000_run_3.txt,14.309211,13.532539,0.008134,6086767,[13.532539]
106000000,hybrid,finish_theory_106000000_134615\hybrid_n106000000_run_1.txt,14.454258,13.552635,0.005004,6086767,[13.552635]
106000000,hybrid,finish_theory_106000000_134615\hybrid_n106000000_run_2.txt,14.435515,13.551376,0.007095,6086767,[13.551376]
106000000,hybrid,finish_theory_106000000_134615\hybrid_n106000000_run_3.txt,14.427147,13.564543,0.003822,6086767,[13.564543]
107000000,mpi,finish_theory_106000000_134615\mpi_n107000000_run_1.txt,14.493798,13.711405,0.005055,6140828,[13.711405]
107000000,mpi,finish_theory_106000000_134615\mpi_n107000000_run_2.txt,14.61435,13.694581,0.004198,6140828,[13.694581]
107000000,mpi,finish_theory_106000000_134615\mpi_n107000000_run_3.txt,14.63225,13.709906,0.007597,6140828,[13.709906]
107000000,hybrid,finish_theory_106000000_134615\hybrid_n107000000_run_1.txt,14.632869,13.724417,0.004125,6140828,[13.724417]
107000000,hybrid,finish_theory_106000000_134615\hybrid_n107000000_run_2.txt,14.666969,13.73358,0.007655,6140828,[13.73358]
107000000,hybrid,finish_theory_106000000_134615\hybrid_n107000000_run_3.txt,14.634199,13.709437,0.007922,6140828,[13.709437]
108000000,mpi,finish_theory_106000000_134615\mpi_n108000000_run_1.txt,14.761427,13.871901,0.007132,6194963,[13.871901]
108000000,mpi,finish_theory_106000000_134615\mpi_n108000000_run_2.txt,14.734491,13.870202,0.008766,6194963,[13.870202]
108000000,mpi,finish_theory_106000000_134615\mpi_n108000000_run_3.txt,14.7767,13.864788,0.009315,6194963,[13.864788]
108000000,hybrid,finish_theory_106000000_134615\hybrid_n108000000_run_1.txt,14.927642,13.884568,0.004309,6194963,[13.884568]
108000000,hybrid,finish_theory_106000000_134615\hybrid_n108000000_run_2.txt,14.791588,13.888207,0.004428,6194963,[13.888207]
108000000,hybrid,finish_theory_106000000_134615\hybrid_n108000000_run_3.txt,14.883308,13.890256,0.003823,6194963,[13.890256]
109000000,mpi,finish_theory_109000000_134616\mpi_n109000000_run_1.txt,14.896287,14.059758,0.006496,6249178,[14.059758]
109000000,mpi,finish_theory_109000000_134616\mpi_n109000000_run_2.txt,14.885021,14.046401,0.006558,6249178,[14.046401]
109000000,mpi,finish_theory_109000000_134616\mpi_n109000000_run_3.txt,14.988855,14.116504,0.005956,6249178,[14.116504]
109000000,hybrid,finish_theory_109000000_134616\hybrid_n109000000_run_1.txt,15.027083,14.07569,0.003886,6249178,[14.07569]
109000000,hybrid,finish_theory_109000000_134616\hybrid_n109000000_run_2.txt,14.992074,14.079901,0.005407,6249178,[14.079901]
109000000,hybrid,finish_theory_109000000_134616\hybrid_n109000000_run_3.txt,15.750056,14.779952,0.004131,6249178,[14.779952]
110000000,mpi,finish_theory_109000000_134616\mpi_n110000000_run_1.txt,15.096286,14.235507,0.004531,6303309,[14.235507]
110000000,mpi,finish_theory_109000000_134616\mpi_n110000000_run_2.txt,15.10126,14.242212,0.005776,6303309,[14.242212]
110000000,mpi,finish_theory_109000000_134616\mpi_n110000000_run_3.txt,15.125706,14.21961,0.003836,6303309,[14.21961]
110000000,hybrid,finish_theory_109000000_134616\hybrid_n110000000_run_1.txt,15.238357,14.237323,0.003774,6303309,[14.237323]
110000000,hybrid,finish_theory_109000000_134616\hybrid_n110000000_run_2.txt,15.212165,14.248855,0.003706,6303309,[14.248855]
110000000,hybrid,finish_theory_109000000_134616\hybrid_n110000000_run_3.txt,15.339641,14.263446,0.003993,6303309,[14.263446]
111000000,mpi,finish_theory_109000000_134616\mpi_n111000000_run_1.txt,15.231669,14.397017,0.005923,6357241,[14.397017]
111000000,mpi,finish_theory_109000000_134616\mpi_n111000000_run_2.txt,15.289005,14.396904,0.005742,6357241,[14.396904]
111000000,mpi,finish_theory_109000000_134616\mpi_n111000000_run_3.txt,15.314128,14.397976,0.004944,6357241,[14.397976]
111000000,hybrid,finish_theory_109000000_134616\hybrid_n111000000_run_1.txt,15.370769,14.410188,0.00473,6357241,[14.410188]
111000000,hybrid,finish_theory_109000000_134616\hybrid_n111000000_run_2.txt,15.429441,14.411053,0.004777,6357241,[14.411053]
111000000,hybrid,finish_theory_109000000_134616\hybrid_n111000000_run_3.txt,15.3788,14.405669,0.003872,6357241,[14.405669]
112000000,mpi,finish_theory_112000000_134617\mpi_n112000000_run_1.txt,15.417646,14.574075,0.004985,6411057,[14.574075]
112000000,mpi,finish_theory_112000000_134617\mpi_n112000000_run_2.txt,15.479536,14.590413,0.004224,6411057,[14.590413]
112000000,mpi,finish_theory_112000000_134617\mpi_n112000000_run_3.txt,15.583528,14.601461,0.005163,6411057,[14.601461]
112000000,hybrid,finish_theory_112000000_134617\hybrid_n112000000_run_1.txt,15.537185,14.596306,0.00395,6411057,[14.596306]
112000000,hybrid,finish_theory_112000000_134617\hybrid_n112000000_run_2.txt,15.662667,14.611849,0.005128,6411057,[14.611849]
112000000,hybrid,finish_theory_112000000_134617\hybrid_n112000000_run_3.txt,15.552175,14.593941,0.003925,6411057,[14.593941]
113000000,mpi,finish_theory_112000000_134617\mpi_n113000000_run_1.txt,15.609487,14.750895,0.004553,6465061,[14.750895]
113000000,mpi,finish_theory_112000000_134617\mpi_n113000000_run_2.txt,15.617616,14.746658,0.005103,6465061,[14.746658]
113000000,mpi,finish_theory_112000000_134617\mpi_n113000000_run_3.txt,15.746482,14.862083,0.004227,6465061,[14.862083]
113000000,hybrid,finish_theory_112000000_134617\hybrid_n113000000_run_1.txt,15.88351,14.772897,0.005146,6465061,[14.772897]
113000000,hybrid,finish_theory_112000000_134617\hybrid_n113000000_run_2.txt,15.804661,14.768704,0.005318,6465061,[14.768704]
113000000,hybrid,finish_theory_112000000_134617\hybrid_n113000000_run_3.txt,15.850332,14.771355,0.003991,6465061,[14.771355]
114000000,mpi,finish_theory_112000000_134617\mpi_n114000000_run_1.txt,15.786739,14.933666,0.004351,6518853,[14.933666]
114000000,mpi,finish_theory_112000000_134617\mpi_n114000000_run_2.txt,16.234949,14.950934,0.004974,6518853,[14.950934]
114000000,mpi,finish_theory_112000000_134617\mpi_n114000000_run_3.txt,16.161844,15.228367,0.004456,6518853,[15.228367]
114000000,hybrid,finish_theory_112000000_134617\hybrid_n114000000_run_1.txt,15.877986,14.935254,0.005243,6518853,[14.935254]
114000000,hybrid,finish_theory_112000000_134617\hybrid_n114000000_run_2.txt,16.521554,15.399055,0.004562,6518853,[15.399055]
114000000,hybrid,finish_theory_112000000_134617\hybrid_n114000000_run_3.txt,16.976315,15.933011,0.004792,6518853,[15.933011]
115000000,mpi,finish_theory_115000000_134618\mpi_n115000000_run_1.txt,16.164633,15.353503,0.00545,6572650,[15.353503]
115000000,mpi,finish_theory_115000000_134618\mpi_n115000000_run_2.txt,16.026743,15.120582,0.005028,6572650,[15.120582]
115000000,mpi,finish_theory_115000000_134618\mpi_n115000000_run_3.txt,16.2371,15.336762,0.004385,6572650,[15.336762]
115000000,hybrid,finish_theory_115000000_134618\hybrid_n115000000_run_1.txt,16.075786,15.11758,0.004326,6572650,[15.11758]
115000000,hybrid,finish_theory_115000000_134618\hybrid_n115000000_run_2.txt,16.132305,15.151139,0.003984,6572650,[15.151139]
115000000,hybrid,finish_theory_115000000_134618\hybrid_n115000000_run_3.txt,16.360199,15.281791,0.004737,6572650,[15.281791]
116000000,mpi,finish_theory_115000000_134618\mpi_n116000000_run_1.txt,16.280192,15.287098,0.004671,6626563,[15.287098]
116000000,mpi,finish_theory_115000000_134618\mpi_n116000000_run_2.txt,16.180963,15.288636,0.004353,6626563,[15.288636]
116000000,mpi,finish_theory_115000000_134618\mpi_n116000000_run_3.txt,16.150495,15.286492,0.004314,6626563,[15.286492]
116000000,hybrid,finish_theory_115000000_134618\hybrid_n116000000_run_1.txt,16.349642,15.288877,0.003961,6626563,[15.288877]
116000000,hybrid,finish_theory_115000000_134618\hybrid_n116000000_run_2.txt,16.26322,15.298431,0.003872,6626563,[15.298431]
116000000,hybrid,finish_theory_115000000_134618\hybrid_n116000000_run_3.txt,16.251998,15.286619,0.005083,6626563,[15.286619]
117000000,mpi,finish_theory_115000000_134618\mpi_n117000000_run_1.txt,16.367282,15.478935,0.00479,6680446,[15.478935]
117000000,mpi,finish_theory_115000000_134618\mpi_n117000000_run_2.txt,16.402019,15.464934,0.003693,6680446,[15.464934]
117000000,mpi,finish_theory_115000000_134618\mpi_n117000000_run_3.txt,16.464903,15.467859,0.003516,6680446,[15.467859]
117000000,hybrid,finish_theory_115000000_134618\hybrid_n117000000_run_1.txt,16.44705,15.492932,0.004441,6680446,[15.492932]
117000000,hybrid,finish_theory_115000000_134618\hybrid_n117000000_run_2.txt,17.59097,16.605223,0.004003,6680446,[16.605223]
117000000,hybrid,finish_theory_115000000_134618\hybrid_n117000000_run_3.txt,16.52163,15.497396,0.003562,6680446,[15.497396]
118000000,mpi,finish_theory_118000000_134619\mpi_n118000000_run_1.txt,16.576341,15.643791,0.004745,6734218,[15.643791]
118000000,mpi,finish_theory_118000000_134619\mpi_n118000000_run_2.txt,17.127685,16.101655,0.004234,6734218,[16.101655]
118000000,mpi,finish_theory_118000000_134619\mpi_n118000000_run_3.txt,17.16714,16.210385,0.004359,6734218,[16.210385]
118000000,hybrid,finish_theory_118000000_134619\hybrid_n118000000_run_1.txt,16.819515,15.660596,0.00367,6734218,[15.660596]
118000000,hybrid,finish_theory_118000000_134619\hybrid_n118000000_run_2.txt,18.379126,17.383519,0.003598,6734218,[17.383519]
118000000,hybrid,finish_theory_118000000_134619\hybrid_n118000000_run_3.txt,17.312596,16.326613,0.004255,6734218,[16.326613]
119000000,mpi,finish_theory_118000000_134619\mpi_n119000000_run_1.txt,16.776481,15.830734,0.00448,6787896,[15.830734]
119000000,mpi,finish_theory_118000000_134619\mpi_n119000000_run_2.txt,16.711138,15.814019,0.004279,6787896,[15.814019]
119000000,mpi,finish_theory_118000000_134619\mpi_n119000000_run_3.txt,16.74497,15.816151,0.004134,6787896,[15.816151]
119000000,hybrid,finish_theory_118000000_134619\hybrid_n119000000_run_1.txt,16.951038,15.831055,0.004355,6787896,[15.831055]
119000000,hybrid,finish_theory_118000000_134619\hybrid_n119000000_run_2.txt,16.797363,15.823632,0.003925,6787896,[15.823632]
119000000,hybrid,finish_theory_118000000_134619\hybrid_n119000000_run_3.txt,16.929705,15.829929,0.004117,6787896,[15.829929]
120000000,mpi,finish_theory_118000000_134619\mpi_n120000000_run_1.txt,16.905698,15.998155,0.006097,6841648,[15.998155]
120000000,mpi,finish_theory_118000000_134619\mpi_n120000000_run_2.txt,16.934356,16.000871,0.004162,6841648,[16.000871]
120000000,mpi,finish_theory_118000000_134619\mpi_n120000000_run_3.txt,16.920538,15.997482,0.00422,6841648,[15.997482]
120000000,hybrid,finish_theory_118000000_134619\hybrid_n120000000_run_1.txt,17.138835,16.011313,0.004026,6841648,[16.011313]
120000000,hybrid,finish_theory_118000000_134619\hybrid_n120000000_run_2.txt,16.979167,16.012002,0.003631,6841648,[16.012002]
120000000,hybrid,finish_theory_118000000_134619\hybrid_n120000000_run_3.txt,17.127335,16.013986,0.00383,6841648,[16.013986]
121000000,mpi,finish_theory_121000000_134620\mpi_n121000000_run_1.txt,17.18721,16.204901,0.00942,6895267,[16.204901]
121000000,mpi,finish_theory_121000000_134620\mpi_n121000000_run_2.txt,17.151907,16.194681,0.00479,6895267,[16.194681]
121000000,mpi,finish_theory_121000000_134620\mpi_n121000000_run_3.txt,17.14424,16.19229,0.004208,6895267,[16.19229]
121000000,hybrid,finish_theory_121000000_134620\hybrid_n121000000_run_1.txt,17.302977,16.203102,0.004102,6895267,[16.203102]
121000000,hybrid,finish_theory_121000000_134620\hybrid_n121000000_run_2.txt,17.279447,16.220476,0.004427,6895267,[16.220476]
121000000,hybrid,finish_theory_121000000_134620\hybrid_n121000000_run_3.txt,17.284167,16.18686,0.00418,6895267,[16.18686]
122000000,mpi,finish_theory_121000000_134620\mpi_n122000000_run_1.txt,17.412788,16.359385,0.004728,6949036,[16.359385]
122000000,mpi,finish_theory_121000000_134620\mpi_n122000000_run_2.txt,17.316577,16.389959,0.004461,6949036,[16.389959]
122000000,mpi,finish_theory_121000000_134620\mpi_n122000000_run_3.txt,17.331287,16.366699,0.004391,6949036,[16.366699]
122000000,hybrid,finish_theory_121000000_134620\hybrid_n122000000_run_1.txt,17.448377,16.375423,0.004294,6949036,[16.375423]
122000000,hybrid,finish_theory_121000000_134620\hybrid_n122000000_run_2.txt,17.485873,16.382579,0.004452,6949036,[16.382579]
122000000,hybrid,finish_theory_121000000_134620\hybrid_n122000000_run_3.txt,17.375675,16.373034,0.004261,6949036,[16.373034]
123000000,mpi,finish_theory_121000000_134620\mpi_n123000000_run_1.txt,17.541536,16.540511,0.005295,7002672,[16.540511]
123000000,mpi,finish_theory_121000000_134620\mpi_n123000000_run_2.txt,17.545728,16.547589,0.004551,7002672,[16.547589]
123000000,mpi,finish_theory_121000000_134620\mpi_n123000000_run_3.txt,17.511533,16.542792,0.004641,7002672,[16.542792]
123000000,hybrid,finish_theory_121000000_134620\hybrid_n123000000_run_1.txt,17.646604,16.556222,0.004362,7002672,[16.556222]
123000000,hybrid,finish_theory_121000000_134620\hybrid_n123000000_run_2.txt,17.659746,16.557374,0.00428,7002672,[16.557374]
123000000,hybrid,finish_theory_121000000_134620\hybrid_n123000000_run_3.txt,17.58181,16.547812,0.004216,7002672,[16.547812]
124000000,mpi,finish_theory_124000000_134621\mpi_n124000000_run_1.txt,17.727527,16.722272,0.00487,7056480,[16.722272]
124000000,mpi,finish_theory_124000000_134621\mpi_n124000000_run_2.txt,17.723391,16.727767,0.004872,7056480,[16.727767]
124000000,mpi,finish_theory_124000000_134621\mpi_n124000000_run_3.txt,17.70733,16.728246,0.004514,7056480,[16.728246]
124000000,hybrid,finish_theory_124000000_134621\hybrid_n124000000_run_1.txt,17.834687,16.736314,0.00448,7056480,[16.736314]
124000000,hybrid,finish_theory_124000000_134621\hybrid_n124000000_run_2.txt,17.915904,16.734334,0.004265,7056480,[16.734334]
124000000,hybrid,finish_theory_124000000_134621\hybrid_n124000000_run_3.txt,17.836843,16.739346,0.004505,7056480,[16.739346]
125000000,mpi,finish_theory_124000000_134621\mpi_n125000000_run_1.txt,18.000157,16.929918,0.005224,7110142,[16.929918]
125000000,mpi,finish_theory_124000000_134621\mpi_n125000000_run_2.txt,17.903444,16.922238,0.004854,7110142,[16.922238]
125000000,mpi,finish_theory_124000000_134621\mpi_n125000000_run_3.txt,17.974545,16.934267,0.005032,7110142,[16.934267]
125000000,hybrid,finish_theory_124000000_134621\hybrid_n125000000_run_1.txt,17.997877,16.921289,0.003888,7110142,[16.921289]
125000000,hybrid,finish_theory_124000000_134621\hybrid_n125000000_run_2.txt,18.064302,16.974885,0.003754,7110142,[16.974885]
125000000,hybrid,finish_theory_124000000_134621\hybrid_n125000000_run_3.txt,18.032319,16.947157,0.003676,7110142,[16.947157]
126000000,mpi,finish_theory_124000000_134621\mpi_n126000000_run_1.txt,18.123073,17.094269,0.004249,7163814,[17.094269]
126000000,mpi,finish_theory_124000000_134621\mpi_n126000000_run_2.txt,18.08295,17.100717,0.005455,7163814,[17.100717]
126000000,mpi,finish_theory_124000000_134621\mpi_n126000000_run_3.txt,18.08919,17.102736,0.004061,7163814,[17.102736]
126000000,hybrid,finish_theory_124000000_134621\hybrid_n126000000_run_1.txt,18.240247,17.127141,0.003689,7163814,[17.127141]
126000000,hybrid,finish_theory_124000000_134621\hybrid_n126000000_run_2.txt,18.285476,17.122515,0.003744,7163814,[17.122515]
126000000,hybrid,finish_theory_124000000_134621\hybrid_n126000000_run_3.txt,18.442819,17.120552,0.004282,7163814,[17.120552]
127000000,mpi,finish_theory_127000000_134622\mpi_n127000000_run_1.txt,18.304488,17.292145,0.004546,7217427,[17.292145]
127000000,mpi,finish_theory_127000000_134622\mpi_n127000000_run_2.txt,18.407078,17.28349,0.004711,7217427,[17.28349]
127000000,mpi,finish_theory_127000000_134622\mpi_n127000000_run_3.txt,18.276036,17.292757,0.003863,7217427,[17.292757]
127000000,hybrid,finish_theory_127000000_134622\hybrid_n127000000_run_1.txt,18.53071,17.306695,0.003711,7217427,[17.306695]
127000000,hybrid,finish_theory_127000000_134622\hybrid_n127000000_run_2.txt,18.502751,17.289454,0.003783,7217427,[17.289454]
127000000,hybrid,finish_theory_127000000_134622\hybrid_n127000000_run_3.txt,18.515912,17.290301,0.003856,7217427,[17.290301]
128000000,mpi,finish_theory_127000000_134622\mpi_n128000000_run_1.txt,18.683836,17.463002,0.003898,7271035,[17.463002]
128000000,mpi,finish_theory_127000000_134622\mpi_n128000000_run_2.txt,18.526225,17.470003,0.006257,7271035,[17.470003]
128000000,mpi,finish_theory_127000000_134622\mpi_n128000000_run_3.txt,18.539057,17.47122,0.004515,7271035,[17.47122]
128000000,hybrid,finish_theory_127000000_134622\hybrid_n128000000_run_1.txt,18.606849,17.48009,0.003991,7271035,[17.48009]
128000000,hybrid,finish_theory_127000000_134622\hybrid_n128000000_run_2.txt,18.65216,17.500583,0.003985,7271035,[17.500583]
128000000,hybrid,finish_theory_127000000_134622\hybrid_n128000000_run_3.txt,18.589423,17.490844,0.003961,7271035,[17.490844]
129000000,mpi,finish_theory_127000000_134622\mpi_n129000000_run_1.txt,18.634448,17.655912,0.004171,7324733,[17.655912]
129000000,mpi,finish_theory_127000000_134622\mpi_n129000000_run_2.txt,18.636517,17.652154,0.005129,7324733,[17.652154]
129000000,mpi,finish_theory_127000000_134622\mpi_n129000000_run_3.txt,18.78053,17.725803,0.004616,7324733,[17.725803]
129000000,hybrid,finish_theory_127000000_134622\hybrid_n129000000_run_1.txt,18.696366,17.670045,0.003825,7324733,[17.670045]
129000000,hybrid,finish_theory_127000000_134622\hybrid_n129000000_run_2.txt,18.725837,17.665393,0.003941,7324733,[17.665393]
129000000,hybrid,finish_theory_127000000_134622\hybrid_n129000000_run_3.txt,18.756473,17.673293,0.004902,7324733,[17.673293]
